Filename,Name,Flairtext,Abbreviated,File,Sheet,Row,Col,Index,Subsort,Division,Conference,Subconference,Conf,Confsort,Selectdisplay,Selectflair,Selectinline,Shortcutflair,Shortcutinline,Shortcutletter,Width,Height,Flair,Flair1,Flair2
albany,Albany Great Danes,Albany Great Danes,Albany,D1,1,2,1,1,1,D1,American East,None,AE,0,TRUE,TRUE,TRUE,albany,#f/albany,None,60,60,albany,albany-sheet1-row02-col01,albany-2sht1-2rw02-2cl01
binghamton,Binghamton Bearcats,Binghamton Bearcats,Binghamton,D1,1,2,2,1,1,D1,American East,None,AE,0,TRUE,TRUE,TRUE,binghamton,#f/binghamton,None,60,60,binghamton,binghamton-sheet1-row02-col02,binghamton-2sht1-2rw02-2cl02
hartford,Hartford Hawks,Hartford Hawks,Hartford,D1,1,2,3,1,1,D1,American East,None,AE,0,TRUE,TRUE,TRUE,hartford,#f/hartford,None,60,60,hartford,hartford-sheet1-row02-col03,hartford-2sht1-2rw02-2cl03
maine,Maine Black Bears,Maine Black Bears,Maine,D1,1,2,4,1,1,D1,American East,None,AE,0,TRUE,TRUE,TRUE,maine,#f/maine,None,60,60,maine,maine-sheet1-row02-col04,maine-2sht1-2rw02-2cl04
umbc,UMBC Retrievers,UMBC Retrievers,UMBC,D1,1,2,5,1,1,D1,American East,None,AE,0,TRUE,TRUE,TRUE,umbc,#f/umbc,None,60,60,umbc,umbc-sheet1-row02-col05,umbc-2sht1-2rw02-2cl05
newhampshire,New Hampshire Wildcats,New Hampshire Wildcats,New Hampshire,D1,1,2,6,1,1,D1,American East,None,AE,0,TRUE,TRUE,TRUE,newhampshire,#f/newhampshire,None,60,60,newhampshire,newhampshire-sheet1-row02-col06,newhampshire-2sht1-2rw02-2cl06
massachusettslowell,UMass Lowell River Hawks,UMass River Hawks,UMass ,D1,1,2,7,1,1,D1,American East,None,AE,0,TRUE,TRUE,TRUE,umass,#f/umass,None,60,60,umass,massachusettslowell-sheet1-row02-col07,massachusettslowell-2sht1-2rw02-2cl07
stonybrook,Stony Brook Seawolves,Stony Brook Seawolves,Stony Brook,D1,1,2,8,1,1,D1,American East,None,AE,0,TRUE,TRUE,TRUE,stonybrook,#f/stonybrook,None,60,60,stonybrook,stonybrook-sheet1-row02-col08,stonybrook-2sht1-2rw02-2cl08
vermont,Vermont Catamounts,Vermont Catamounts,Vermont,D1,1,2,9,1,1,D1,American East,None,AE,0,TRUE,TRUE,TRUE,vermont,#f/vermont,None,60,60,vermont,vermont-sheet1-row02-col09,vermont-2sht1-2rw02-2cl09
cincinnati,Cincinnati Bearcats,Cincinnati Bearcats,Cincinnati,D1,1,3,1,2,3,D1,American,None,AAC,0,TRUE,TRUE,TRUE,cincinnati,#f/cincinnati,None,60,60,cincinnati,cincinnati-sheet1-row03-col01,cincinnati-2sht1-2rw03-2cl01
connecticut,Connecticut Huskies,Connecticut Huskies,Connecticut,D1,1,3,2,2,3,D1,American,None,AAC,0,TRUE,TRUE,TRUE,connecticut,#f/connecticut,None,60,60,connecticut,connecticut-sheet1-row03-col02,connecticut-2sht1-2rw03-2cl02
eastcarolina,East Carolina Pirates,East Carolina Pirates,East Carolina,D1,1,3,3,2,3,D1,American,None,AAC,0,TRUE,TRUE,TRUE,eastcarolina,#f/eastcarolina,None,60,60,eastcarolina,eastcarolina-sheet1-row03-col03,eastcarolina-2sht1-2rw03-2cl03
houston,Houston Cougars,Houston Cougars,Houston,D1,1,3,4,2,3,D1,American,None,AAC,0,TRUE,TRUE,TRUE,houston,#f/houston,None,60,60,houston,houston-sheet1-row03-col04,houston-2sht1-2rw03-2cl04
memphis,Memphis Tigers,Memphis Tigers,Memphis,D1,1,3,5,2,3,D1,American,None,AAC,0,TRUE,TRUE,TRUE,memphis,#f/memphis,None,60,60,memphis,memphis-sheet1-row03-col05,memphis-2sht1-2rw03-2cl05
smu,SMU Mustangs,SMU Mustangs,SMU,D1,1,3,7,2,3,D1,American,None,AAC,0,TRUE,TRUE,TRUE,smu,#f/smu,None,60,60,smu,smu-sheet1-row03-col07,smu-2sht1-2rw03-2cl07
southflorida,South Florida Bulls,South Florida Bulls,South Florida,D1,1,3,8,2,3,D1,American,None,AAC,0,TRUE,TRUE,TRUE,southflorida,#f/southflorida,None,60,60,southflorida,southflorida-sheet1-row03-col08,southflorida-2sht1-2rw03-2cl08
temple,Temple Owls,Temple Owls,Temple,D1,1,3,9,2,3,D1,American,None,AAC,0,TRUE,TRUE,TRUE,temple,#f/temple,None,60,60,temple,temple-sheet1-row03-col09,temple-2sht1-2rw03-2cl09
tulane,Tulane Green Wave,Tulane Green Wave,Tulane,D1,1,3,10,2,3,D1,American,None,AAC,0,TRUE,TRUE,TRUE,tulane,#f/tulane,None,60,60,tulane,tulane-sheet1-row03-col10,tulane-2sht1-2rw03-2cl10
tulsa,Tulsa Golden Hurricane,Tulsa Golden Hurricane,Tulsa,D1,1,3,11,2,3,D1,American,None,AAC,0,TRUE,TRUE,TRUE,tulsa,#f/tulsa,None,60,60,tulsa,tulsa-sheet1-row03-col11,tulsa-2sht1-2rw03-2cl11
ucf,UCF Knights,UCF Knights,UCF,D1,1,3,12,2,3,D1,American,None,AAC,0,TRUE,TRUE,TRUE,ucf,#f/ucf,None,60,60,ucf,ucf-sheet1-row03-col12,ucf-2sht1-2rw03-2cl12
houston2,Houston Cougars Alternate,Houston Cougars,Houston,D1,1,3,13,2,3,D1,American,None,AAC,1,FALSE,FALSE,FALSE,houston2,None,None,60,60,houston2,houston2-sheet1-row03-col13,houston2-2sht1-2rw03-2cl13
bostoncollege,Boston College Eagles,Boston College Eagles,Boston College,D1,1,4,1,2,1,D1,ACC,None,ACC,0,TRUE,TRUE,TRUE,bostoncollege,#f/bostoncollege,None,60,60,bostoncollege,bostoncollege-sheet1-row04-col01,bostoncollege-2sht1-2rw04-2cl01
clemson,Clemson Tigers,Clemson Tigers,Clemson,D1,1,4,2,2,1,D1,ACC,None,ACC,0,TRUE,TRUE,TRUE,clemson,#f/clemson,None,60,60,clemson,clemson-sheet1-row04-col02,clemson-2sht1-2rw04-2cl02
duke,Duke Blue Devils,Duke Blue Devils,Duke,D1,1,4,3,2,1,D1,ACC,None,ACC,0,TRUE,TRUE,TRUE,duke,#f/duke,None,60,60,duke,duke-sheet1-row04-col03,duke-2sht1-2rw04-2cl03
floridastate,Florida State Seminoles,Florida State Seminoles,Florida State,D1,1,4,4,2,1,D1,ACC,None,ACC,0,TRUE,TRUE,TRUE,floridastate,#f/floridastate,None,60,60,floridastate,floridastate-sheet1-row04-col04,floridastate-2sht1-2rw04-2cl04
georgiatech,Georgia Tech Yellow Jackets,Georgia Tech Yellow Jackets,Georgia Tech,D1,1,4,5,2,1,D1,ACC,None,ACC,0,TRUE,TRUE,TRUE,georgiatech,#f/georgiatech,None,60,60,georgiatech,georgiatech-sheet1-row04-col05,georgiatech-2sht1-2rw04-2cl05
louisville,Louisville Cardinals,Louisville Cardinals,Louisville,D1,1,4,6,2,1,D1,ACC,None,ACC,0,TRUE,TRUE,TRUE,louisville,#f/louisville,None,60,60,louisville,louisville-sheet1-row04-col06,louisville-2sht1-2rw04-2cl06
miamifl,Miami Hurricanes,Miami Hurricanes,Miami,D1,1,4,7,2,1,D1,ACC,None,ACC,0,TRUE,TRUE,TRUE,miamifl,#f/miamifl,#f/u,60,60,miamifl,miamifl-sheet1-row04-col07,miamifl-2sht1-2rw04-2cl07
northcarolina,North Carolina Tar Heels,North Carolina Tar Heels,North Carolina,D1,1,4,8,2,1,D1,ACC,None,ACC,0,TRUE,TRUE,TRUE,northcarolina,#f/northcarolina,None,60,60,northcarolina,northcarolina-sheet1-row04-col08,northcarolina-2sht1-2rw04-2cl08
northcarolinastate,North Carolina State Wolfpack,North Carolina State Wolfpack,North Carolina State,D1,1,4,9,2,1,D1,ACC,None,ACC,0,TRUE,TRUE,TRUE,northcarolinastate,#f/northcarolinastate,None,60,60,northcarolinastate,northcarolinastate-sheet1-row04-col09,northcarolinastate-2sht1-2rw04-2cl09
notredame,Notre Dame Fighting Irish,Notre Dame Fighting Irish,Notre Dame,D1,1,4,10,2,1,D1,ACC,None,ACC,0,TRUE,TRUE,TRUE,notredame,#f/notredame,None,60,60,notredame,notredame-sheet1-row04-col10,notredame-2sht1-2rw04-2cl10
pittsburgh,Pittsburgh Panthers,Pittsburgh Panthers,Pittsburgh,D1,1,4,11,2,1,D1,ACC,None,ACC,0,TRUE,TRUE,TRUE,pittsburgh,#f/pittsburgh,None,60,60,pittsburgh,pittsburgh-sheet1-row04-col11,pittsburgh-2sht1-2rw04-2cl11
syracuse,Syracuse Orange,Syracuse Orange,Syracuse,D1,1,4,12,2,1,D1,ACC,None,ACC,0,TRUE,TRUE,TRUE,syracuse,#f/syracuse,None,60,60,syracuse,syracuse-sheet1-row04-col12,syracuse-2sht1-2rw04-2cl12
virginia,Virginia Cavaliers,Virginia Cavaliers,Virginia,D1,1,4,13,2,1,D1,ACC,None,ACC,0,TRUE,TRUE,TRUE,virginia,#f/virginia,None,60,60,virginia,virginia-sheet1-row04-col13,virginia-2sht1-2rw04-2cl13
virginiatech,Virginia Tech Hokies,Virginia Tech Hokies,Virginia Tech,D1,1,4,14,2,1,D1,ACC,None,ACC,0,TRUE,TRUE,TRUE,virginiatech,#f/virginiatech,None,60,60,virginiatech,virginiatech-sheet1-row04-col14,virginiatech-2sht1-2rw04-2cl14
wakeforest,Wake Forest Demon Deacons,Wake Forest Demon Deacons,Wake Forest,D1,1,4,15,2,1,D1,ACC,None,ACC,0,TRUE,TRUE,TRUE,wakeforest,#f/wakeforest,None,60,60,wakeforest,wakeforest-sheet1-row04-col15,wakeforest-2sht1-2rw04-2cl15
floridastate2,Florida State Seminoles Alternate,Florida State Seminoles,Florida State,D1,1,4,16,2,1,D1,ACC,None,ACC,1,FALSE,FALSE,FALSE,floridastate2,None,None,60,60,floridastate2,floridastate2-sheet1-row04-col16,floridastate2-2sht1-2rw04-2cl16
floridagulfcoast,Florida Gulf Coast Eagles,Florida Gulf Coast Eagles,Florida Gulf Coast,D1,1,5,1,2,1,D1,Atlantic Sun,None,asun,0,TRUE,TRUE,TRUE,floridagulfcoast,#f/floridagulfcoast,None,60,60,floridagulfcoast,floridagulfcoast-sheet1-row05-col01,floridagulfcoast-2sht1-2rw05-2cl01
jacksonville,Jacksonville Dolphins,Jacksonville Dolphins,Jacksonville,D1,1,5,2,2,1,D1,Atlantic Sun,None,asun,0,TRUE,TRUE,TRUE,jacksonville,#f/jacksonville,None,60,60,jacksonville,jacksonville-sheet1-row05-col02,jacksonville-2sht1-2rw05-2cl02
kennesaw,Kennesaw State Owls,Kennesaw State Owls,Kennesaw,D1,1,5,3,2,1,D1,Atlantic Sun,None,asun,0,TRUE,TRUE,TRUE,kennesaw,#f/kennesaw,None,60,60,kennesaw,kennesaw-sheet1-row05-col03,kennesaw-2sht1-2rw05-2cl03
lipscomb,Lipscomb Bisons,Lipscomb Bisons,Lipscomb,D1,1,5,4,2,1,D1,Atlantic Sun,None,asun,0,TRUE,TRUE,TRUE,lipscomb,#f/lipscomb,None,60,60,lipscomb,lipscomb-sheet1-row05-col04,lipscomb-2sht1-2rw05-2cl04
njit,NJIT Highlanders,NJIT Highlanders,NJIT,D1,1,5,5,2,1,D1,Atlantic Sun,None,asun,0,TRUE,TRUE,TRUE,njit,#f/njit,None,60,60,njit,njit-sheet1-row05-col05,njit-2sht1-2rw05-2cl05
northflorida,North Florida Ospreys,North Florida Ospreys,North Florida,D1,1,5,6,2,1,D1,Atlantic Sun,None,asun,0,TRUE,TRUE,TRUE,northflorida,#f/northflorida,None,60,60,northflorida,northflorida-sheet1-row05-col06,northflorida-2sht1-2rw05-2cl06
uscupstate,USC Upstate Spartans,USC Upstate Spartans,USC Upstate,D1,1,5,7,2,1,D1,Atlantic Sun,None,asun,0,TRUE,TRUE,TRUE,uscupstate,#f/uscupstate,None,60,60,uscupstate,uscupstate-sheet1-row05-col07,uscupstate-2sht1-2rw05-2cl07
stetson,Stetson Hatters,Stetson Hatters,Stetson,D1,1,5,8,2,1,D1,Atlantic Sun,None,asun,0,TRUE,TRUE,TRUE,stetson,#f/stetson,None,60,60,stetson,stetson-sheet1-row05-col08,stetson-2sht1-2rw05-2cl08
davidson,Davidson Wildcats,Davidson Wildcats,Davidson,D1,1,6,1,2,1,D1,A-10,None,a10,0,TRUE,TRUE,TRUE,davidson,#f/davidson,None,60,60,davidson,davidson-sheet1-row06-col01,davidson-2sht1-2rw06-2cl01
dayton,Dayton Flyers,Dayton Flyers,Dayton,D1,1,6,2,2,1,D1,A-10,None,a10,0,TRUE,TRUE,TRUE,dayton,#f/dayton,None,60,60,dayton,dayton-sheet1-row06-col02,dayton-2sht1-2rw06-2cl02
duquesne,Duquesne Dukes,Duquesne Dukes,Duquesne,D1,1,6,3,2,1,D1,A-10,None,a10,0,TRUE,TRUE,TRUE,duquesne,#f/duquesne,None,60,60,duquesne,duquesne-sheet1-row06-col03,duquesne-2sht1-2rw06-2cl03
fordham,Fordham Rams,Fordham Rams,Fordham,D1,1,6,4,2,1,D1,A-10,None,a10,0,TRUE,TRUE,TRUE,fordham,#f/fordham,None,60,60,fordham,fordham-sheet1-row06-col04,fordham-2sht1-2rw06-2cl04
georgemason,George Mason Patriots,George Mason Patriots,George Mason,D1,1,6,5,2,1,D1,A-10,None,a10,0,TRUE,TRUE,TRUE,georgemason,#f/georgemason,None,60,60,georgemason,georgemason-sheet1-row06-col05,georgemason-2sht1-2rw06-2cl05
georgewashington,George Washington Colonials,George Washington Colonials,George Washington,D1,1,6,6,2,1,D1,A-10,None,a10,0,TRUE,TRUE,TRUE,georgewashington,#f/georgewashington,None,60,60,georgewashington,georgewashington-sheet1-row06-col06,georgewashington-2sht1-2rw06-2cl06
lasalle,La Salle Explorers,La Salle Explorers,La Salle,D1,1,6,7,2,1,D1,A-10,None,a10,0,TRUE,TRUE,TRUE,lasalle,#f/lasalle,None,60,60,lasalle,lasalle-sheet1-row06-col07,lasalle-2sht1-2rw06-2cl07
umass,UMass Minutemen,UMass Minutemen,UMass ,D1,1,6,8,2,1,D1,A-10,None,a10,0,TRUE,TRUE,TRUE,umass,#f/umass,None,60,60,umass,umass-sheet1-row06-col08,umass-2sht1-2rw06-2cl08
rhodeisland,Rhode Island Rams,Rhode Island Rams,Rhode Island,D1,1,6,9,2,1,D1,A-10,None,a10,0,TRUE,TRUE,TRUE,rhodeisland,#f/rhodeisland,None,60,60,rhodeisland,rhodeisland-sheet1-row06-col09,rhodeisland-2sht1-2rw06-2cl09
richmond,Richmond Spiders,Richmond Spiders,Richmond,D1,1,6,10,2,1,D1,A-10,None,a10,0,TRUE,TRUE,TRUE,richmond,#f/richmond,None,60,60,richmond,richmond-sheet1-row06-col10,richmond-2sht1-2rw06-2cl10
stbonaventure,St. Bonaventure Bonnies,St. Bonaventure Bonnies,St. Bonaventure,D1,1,6,11,2,1,D1,A-10,None,a10,0,TRUE,TRUE,TRUE,stbonaventure,#f/stbonaventure,None,60,60,stbonaventure,stbonaventure-sheet1-row06-col11,stbonaventure-2sht1-2rw06-2cl11
stjosephspa,St. Joseph's Hawks,St. Joseph's Hawks,St. Joseph's,D1,1,6,12,2,1,D1,A-10,None,a10,0,TRUE,TRUE,TRUE,stjosephspa,#f/stjosephspa,None,60,60,stjosephspa,stjosephspa-sheet1-row06-col12,stjosephspa-2sht1-2rw06-2cl12
stlouis,St. Louis Billikens,St. Louis Billikens,St. Louis,D1,1,6,13,2,1,D1,A-10,None,a10,0,TRUE,TRUE,TRUE,stlouis,#f/stlouis,None,60,60,stlouis,stlouis-sheet1-row06-col13,stlouis-2sht1-2rw06-2cl13
vcu,VCU Rams,VCU Rams,VCU,D1,1,6,14,2,1,D1,A-10,None,a10,0,TRUE,TRUE,TRUE,vcu,#f/vcu,None,60,60,vcu,vcu-sheet1-row06-col14,vcu-2sht1-2rw06-2cl14
butler,Butler Bulldogs,Butler Bulldogs,Butler,D1,1,7,1,2,1,D1,Big East,None,BE,0,TRUE,TRUE,TRUE,butler,#f/butler,None,60,60,butler,butler-sheet1-row07-col01,butler-2sht1-2rw07-2cl01
creighton,Creighton Bluejays,Creighton Bluejays,Creighton,D1,1,7,2,2,1,D1,Big East,None,BE,0,TRUE,TRUE,TRUE,creighton,#f/creighton,None,60,60,creighton,creighton-sheet1-row07-col02,creighton-2sht1-2rw07-2cl02
depaul,DePaul Blue Demons,DePaul Blue Demons,DePaul,D1,1,7,3,2,1,D1,Big East,None,BE,0,TRUE,TRUE,TRUE,depaul,#f/depaul,None,60,60,depaul,depaul-sheet1-row07-col03,depaul-2sht1-2rw07-2cl03
georgetown,Georgetown Hoyas,Georgetown Hoyas,Georgetown,D1,1,7,4,2,1,D1,Big East,None,BE,0,TRUE,TRUE,TRUE,georgetown,#f/georgetown,None,60,60,georgetown,georgetown-sheet1-row07-col04,georgetown-2sht1-2rw07-2cl04
marquette,Marquette Golden Eagles,Marquette Golden Eagles,Marquette,D1,1,7,5,2,1,D1,Big East,None,BE,0,TRUE,TRUE,TRUE,marquette,#f/marquette,None,60,60,marquette,marquette-sheet1-row07-col05,marquette-2sht1-2rw07-2cl05
providence,Providence Friars,Providence Friars,Providence,D1,1,7,6,2,1,D1,Big East,None,BE,0,TRUE,TRUE,TRUE,providence,#f/providence,None,60,60,providence,providence-sheet1-row07-col06,providence-2sht1-2rw07-2cl06
stjohnsny,St. John's Red Storm,St. John's Red Storm,St. John's,D1,1,7,7,2,1,D1,Big East,None,BE,0,TRUE,TRUE,TRUE,stjohnsny,#f/stjohnsny,None,60,60,stjohnsny,stjohnsny-sheet1-row07-col07,stjohnsny-2sht1-2rw07-2cl07
setonhall,Seton Hall Pirates,Seton Hall Pirates,Seton Hall,D1,1,7,8,2,1,D1,Big East,None,BE,0,TRUE,TRUE,TRUE,setonhall,#f/setonhall,None,60,60,setonhall,setonhall-sheet1-row07-col08,setonhall-2sht1-2rw07-2cl08
villanova,Villanova Wildcats,Villanova Wildcats,Villanova,D1,1,7,9,2,1,D1,Big East,None,BE,0,TRUE,TRUE,TRUE,villanova,#f/villanova,None,60,60,villanova,villanova-sheet1-row07-col09,villanova-2sht1-2rw07-2cl09
xavier,Xavier Musketeers,Xavier Musketeers,Xavier,D1,1,7,10,2,1,D1,Big East,None,BE,0,TRUE,TRUE,TRUE,xavier,#f/xavier,None,60,60,xavier,xavier-sheet1-row07-col10,xavier-2sht1-2rw07-2cl10
easternwashington,Eastern Washington Eagles,Eastern Washington Eagles,Eastern Washington,D1,1,8,1,2,1,D1,Big Sky,None,BSky,0,TRUE,TRUE,TRUE,easternwashington,#f/easternwashington,None,60,60,easternwashington,easternwashington-sheet1-row08-col01,easternwashington-2sht1-2rw08-2cl01
idaho,Idaho Vandals,Idaho Vandals,Idaho,D1,1,8,2,2,1,D1,Big Sky,None,BSky,0,TRUE,TRUE,TRUE,idaho,#f/idaho,None,60,60,#REF!,#REF!,#REF!
idahostate,Idaho State Bengals,Idaho State Bengals,Idaho State,D1,1,8,3,2,1,D1,Big Sky,None,BSky,0,TRUE,TRUE,TRUE,idahostate,#f/idahostate,None,60,60,idahostate,idahostate-sheet1-row08-col03,idahostate-2sht1-2rw08-2cl03
montana,Montana Grizzlies,Montana Grizzlies,Montana,D1,1,8,4,2,1,D1,Big Sky,None,BSky,0,TRUE,TRUE,TRUE,montana,#f/montana,None,60,60,montana,montana-sheet1-row08-col04,montana-2sht1-2rw08-2cl04
montanastate,Montana State Bobcats,Montana State Bobcats,Montana State,D1,1,8,5,2,1,D1,Big Sky,None,BSky,0,TRUE,TRUE,TRUE,montanastate,#f/montanastate,None,60,60,montanastate,montanastate-sheet1-row08-col05,montanastate-2sht1-2rw08-2cl05
northdakota,North Dakota Fighting Hawks,North Dakota Fighting Hawks,North Dakota,D1,1,8,6,2,1,D1,Big Sky,None,BSky,0,TRUE,TRUE,TRUE,northdakota,#f/northdakota,None,60,60,northdakota,northdakota-sheet1-row08-col06,northdakota-2sht1-2rw08-2cl06
northernarizona,Northern Arizona Lumberjacks,Northern Arizona Lumberjacks,Northern Arizona,D1,1,8,7,2,1,D1,Big Sky,None,BSky,0,TRUE,TRUE,TRUE,northernarizona,#f/northernarizona,None,60,60,northernarizona,northernarizona-sheet1-row08-col07,northernarizona-2sht1-2rw08-2cl07
northerncolorado,Northern Colorado Bears,Northern Colorado Bears,Northern Colorado,D1,1,8,8,2,1,D1,Big Sky,None,BSky,0,TRUE,TRUE,TRUE,northerncolorado,#f/northerncolorado,None,60,60,northerncolorado,northerncolorado-sheet1-row08-col08,northerncolorado-2sht1-2rw08-2cl08
portlandstate,Portland State Vikings,Portland State Vikings,Portland State,D1,1,8,9,2,1,D1,Big Sky,None,BSky,0,TRUE,TRUE,TRUE,portlandstate,#f/portlandstate,None,60,60,portlandstate,portlandstate-sheet1-row08-col09,portlandstate-2sht1-2rw08-2cl09
sacramentostate,Sacramento State Hornets,Sacramento State Hornets,Sacramento State,D1,1,8,10,2,1,D1,Big Sky,None,BSky,0,TRUE,TRUE,TRUE,sacramentostate,#f/sacramentostate,None,60,60,sacramentostate,sacramentostate-sheet1-row08-col10,sacramentostate-2sht1-2rw08-2cl10
southernutah,Southern Utah Thunderbirds,Southern Utah Thunderbirds,Southern Utah,D1,1,8,11,2,1,D1,Big Sky,None,BSky,0,TRUE,TRUE,TRUE,southernutah,#f/southernutah,None,60,60,southernutah,southernutah-sheet1-row08-col11,southernutah-2sht1-2rw08-2cl11
weberstate,Weber State Wildcats,Weber State Wildcats,Weber State,D1,1,8,12,2,1,D1,Big Sky,None,BSky,0,TRUE,TRUE,TRUE,weberstate,#f/weberstate,None,60,60,weberstate,weberstate-sheet1-row08-col12,weberstate-2sht1-2rw08-2cl12
campbell,Campbell Fighting Camels,Campbell Fighting Camels,Campbell,D1,1,9,1,2,1,D1,Big South,None,BSouth,0,TRUE,TRUE,TRUE,campbell,#f/campbell,None,60,60,campbell,campbell-sheet1-row09-col01,campbell-2sht1-2rw09-2cl01
charlestonsouthern,Charleston Southern Buccaneers,Charleston Southern Buccaneers,Charleston Southern,D1,1,9,2,2,1,D1,Big South,None,BSouth,0,TRUE,TRUE,TRUE,charlestonsouthern,#f/charlestonsouthern,None,60,60,charlestonsouthern,charlestonsouthern-sheet1-row09-col02,charlestonsouthern-2sht1-2rw09-2cl02
coastalcarolina,Coastal Carolina Chanticleers,Coastal Carolina Chanticleers,Coastal Carolina,D1,1,9,3,2,1,D1,Big South,None,BSouth,0,TRUE,TRUE,TRUE,coastalcarolina,#f/coastalcarolina,None,60,60,coastalcarolina,coastalcarolina-sheet1-row09-col03,coastalcarolina-2sht1-2rw09-2cl03
gardnerwebb,Gardner-Webb Runnin' Bulldogs,Gardner-Webb Runnin' Bulldogs,Gardner-Webb,D1,1,9,4,2,1,D1,Big South,None,BSouth,0,TRUE,TRUE,TRUE,gardnerwebb,#f/gardnerwebb,None,60,60,gardnerwebb,gardnerwebb-sheet1-row09-col04,gardnerwebb-2sht1-2rw09-2cl04
highpoint,High Point Panthers,High Point Panthers,High Point,D1,1,9,5,2,1,D1,Big South,None,BSouth,0,TRUE,TRUE,TRUE,highpoint,#f/highpoint,None,60,60,highpoint,highpoint-sheet1-row09-col05,highpoint-2sht1-2rw09-2cl05
liberty,Liberty Flames,Liberty Flames,Liberty,D1,1,9,6,2,1,D1,Big South,None,BSouth,0,TRUE,TRUE,TRUE,liberty,#f/liberty,None,60,60,liberty,liberty-sheet1-row09-col06,liberty-2sht1-2rw09-2cl06
longwood,Longwood Lancers,Longwood Lancers,Longwood,D1,1,9,7,2,1,D1,Big South,None,BSouth,0,TRUE,TRUE,TRUE,longwood,#f/longwood,None,60,60,longwood,longwood-sheet1-row09-col07,longwood-2sht1-2rw09-2cl07
presbyterian,Presbyterian Blue Hose,Presbyterian Blue Hose,Presbyterian,D1,1,9,8,2,1,D1,Big South,None,BSouth,0,TRUE,TRUE,TRUE,presbyterian,#f/presbyterian,None,60,60,presbyterian,presbyterian-sheet1-row09-col08,presbyterian-2sht1-2rw09-2cl08
radford,Radford Highlanders,Radford Highlanders,Radford,D1,1,9,9,2,1,D1,Big South,None,BSouth,0,TRUE,TRUE,TRUE,radford,#f/radford,None,60,60,radford,radford-sheet1-row09-col09,radford-2sht1-2rw09-2cl09
uncasheville,UNC Asheville Bulldogs,UNC Asheville Bulldogs,UNC Asheville,D1,1,9,10,2,1,D1,Big South,None,BSouth,0,TRUE,TRUE,TRUE,uncasheville,#f/uncasheville,None,60,60,uncasheville,uncasheville-sheet1-row09-col10,uncasheville-2sht1-2rw09-2cl10
winthrop,Winthrop Eagles,Winthrop Eagles,Winthrop,D1,1,9,11,2,1,D1,Big South,None,BSouth,0,TRUE,TRUE,TRUE,winthrop,#f/winthrop,None,60,60,winthrop,winthrop-sheet1-row09-col11,winthrop-2sht1-2rw09-2cl11
illinois,Illinois Fighting Illini,Illinois Fighting Illini,Illinois,D1,1,10,1,2,1,D1,Big Ten,None,b10,0,TRUE,TRUE,TRUE,illinois,#f/illinois,#f/i,60,60,illinois,illinois-sheet1-row10-col01,illinois-2sht1-2rw10-2cl01
indiana,Indiana Hoosiers,Indiana Hoosiers,Indiana,D1,1,10,2,2,1,D1,Big Ten,None,b10,0,TRUE,TRUE,TRUE,indiana,#f/indiana,None,60,60,indiana,indiana-sheet1-row10-col02,indiana-2sht1-2rw10-2cl02
iowa,Iowa Hawkeyes,Iowa Hawkeyes,Iowa,D1,1,10,3,2,1,D1,Big Ten,None,b10,0,TRUE,TRUE,TRUE,iowa,#f/iowa,None,60,60,iowa,iowa-sheet1-row10-col03,iowa-2sht1-2rw10-2cl03
maryland,Maryland Terrapins,Maryland Terrapins,Maryland,D1,1,10,4,2,1,D1,Big Ten,None,b10,0,TRUE,TRUE,TRUE,maryland,#f/maryland,None,60,60,maryland,maryland-sheet1-row10-col04,maryland-2sht1-2rw10-2cl04
michigan,Michigan Wolverines,Michigan Wolverines,Michigan,D1,1,10,5,2,1,D1,Big Ten,None,b10,0,TRUE,TRUE,TRUE,michigan,#f/michigan,None,60,60,michigan,michigan-sheet1-row10-col05,michigan-2sht1-2rw10-2cl05
michiganstate,Michigan State Spartans,Michigan State Spartans,Michigan State,D1,1,10,6,2,1,D1,Big Ten,None,b10,0,TRUE,TRUE,TRUE,michiganstate,#f/michiganstate,None,60,60,michiganstate,michiganstate-sheet1-row10-col06,michiganstate-2sht1-2rw10-2cl06
minnesota,Minnesota Golden Gophers,Minnesota Golden Gophers,Minnesota,D1,1,10,7,2,1,D1,Big Ten,None,b10,0,TRUE,TRUE,TRUE,minnesota,#f/minnesota,None,60,60,minnesota,minnesota-sheet1-row10-col07,minnesota-2sht1-2rw10-2cl07
nebraska,Nebraska Cornhuskers,Nebraska Cornhuskers,Nebraska,D1,1,10,8,2,1,D1,Big Ten,None,b10,0,TRUE,TRUE,TRUE,nebraska,#f/nebraska,None,60,60,nebraska,nebraska-sheet1-row10-col08,nebraska-2sht1-2rw10-2cl08
northwestern,Northwestern Wildcats,Northwestern Wildcats,Northwestern,D1,1,10,9,2,1,D1,Big Ten,None,b10,0,TRUE,TRUE,TRUE,northwestern,#f/northwestern,#f/n,60,60,northwestern,northwestern-sheet1-row10-col09,northwestern-2sht1-2rw10-2cl09
ohiostate,Ohio State Buckeyes,Ohio State Buckeyes,Ohio State,D1,1,10,10,2,1,D1,Big Ten,None,b10,0,TRUE,TRUE,TRUE,ohiostate,#f/ohiostate,#f/o,60,60,ohiostate,ohiostate-sheet1-row10-col10,ohiostate-2sht1-2rw10-2cl10
pennstate,Penn State Nittany Lions,Penn State Nittany Lions,Penn State,D1,1,10,11,2,1,D1,Big Ten,None,b10,0,TRUE,TRUE,TRUE,pennstate,#f/pennstate,None,60,60,pennstate,pennstate-sheet1-row10-col11,pennstate-2sht1-2rw10-2cl11
purdue,Purdue Boilermakers,Purdue Boilermakers,Purdue,D1,1,10,12,2,1,D1,Big Ten,None,b10,0,TRUE,TRUE,TRUE,purdue,#f/purdue,#f/p,60,60,purdue,purdue-sheet1-row10-col12,purdue-2sht1-2rw10-2cl12
rutgers,Rutgers Scarlet Knights,Rutgers Scarlet Knights,Rutgers,D1,1,10,13,2,1,D1,Big Ten,None,b10,0,TRUE,TRUE,TRUE,rutgers,#f/rutgers,None,60,60,rutgers,rutgers-sheet1-row10-col13,rutgers-2sht1-2rw10-2cl13
wisconsin,Wisconsin Badgers,Wisconsin Badgers,Wisconsin,D1,1,10,14,2,1,D1,Big Ten,None,b10,0,TRUE,TRUE,TRUE,wisconsin,#f/wisconsin,None,60,60,wisconsin,wisconsin-sheet1-row10-col14,wisconsin-2sht1-2rw10-2cl14
baylor,Baylor Bears,Baylor Bears,Baylor,D1,1,11,1,2,1,D1,Big 12,None,b12,0,TRUE,TRUE,TRUE,baylor,#f/baylor,None,60,60,baylor,baylor-sheet1-row11-col01,baylor-2sht1-2rw11-2cl01
iowastate,Iowa State Cyclones,Iowa State Cyclones,Iowa State,D1,1,11,2,2,1,D1,Big 12,None,b12,0,TRUE,TRUE,TRUE,iowastate,#f/iowastate,None,60,60,iowastate,iowastate-sheet1-row11-col02,iowastate-2sht1-2rw11-2cl02
kansas,Kansas Jayhawks,Kansas Jayhawks,Kansas,D1,1,11,3,2,1,D1,Big 12,None,b12,0,TRUE,TRUE,TRUE,kansas,#f/kansas,None,60,60,kansas,kansas-sheet1-row11-col03,kansas-2sht1-2rw11-2cl03
kansasstate,Kansas State Wildcats,Kansas State Wildcats,Kansas State,D1,1,11,4,2,1,D1,Big 12,None,b12,0,TRUE,TRUE,TRUE,kansasstate,#f/kansasstate,None,60,60,kansasstate,kansasstate-sheet1-row11-col04,kansasstate-2sht1-2rw11-2cl04
oklahoma,Oklahoma Sooners,Oklahoma Sooners,Oklahoma,D1,1,11,5,2,1,D1,Big 12,None,b12,0,TRUE,TRUE,TRUE,oklahoma,#f/oklahoma,None,60,60,oklahoma,oklahoma-sheet1-row11-col05,oklahoma-2sht1-2rw11-2cl05
oklahomastate,Oklahoma State Cowboys,Oklahoma State Cowboys,Oklahoma State,D1,1,11,6,2,1,D1,Big 12,None,b12,0,TRUE,TRUE,TRUE,oklahomastate,#f/oklahomastate,None,60,60,oklahomastate,oklahomastate-sheet1-row11-col06,oklahomastate-2sht1-2rw11-2cl06
tcu,TCU Horned Frogs,TCU Horned Frogs,TCU,D1,1,11,7,2,1,D1,Big 12,None,b12,0,TRUE,TRUE,TRUE,tcu,#f/tcu,None,60,60,tcu,tcu-sheet1-row11-col07,tcu-2sht1-2rw11-2cl07
texas,Texas Longhorns,Texas Longhorns,Texas,D1,1,11,8,2,1,D1,Big 12,None,b12,0,TRUE,TRUE,TRUE,texas,#f/texas,None,60,60,texas,texas-sheet1-row11-col08,texas-2sht1-2rw11-2cl08
texastech,Texas Tech Red Raiders,Texas Tech Red Raiders,Texas Tech,D1,1,11,9,2,1,D1,Big 12,None,b12,0,TRUE,TRUE,TRUE,texastech,#f/texastech,None,60,60,texastech,texastech-sheet1-row11-col09,texastech-2sht1-2rw11-2cl09
westvirginia,West Virginia Mountaineers,West Virginia Mountaineers,West Virginia,D1,1,11,10,2,1,D1,Big 12,None,b12,0,TRUE,TRUE,TRUE,westvirginia,#f/westvirginia,None,60,60,westvirginia,westvirginia-sheet1-row11-col10,westvirginia-2sht1-2rw11-2cl10
texas2,Texas Longhorns Alternate,Texas Longhorns,Texas,D1,1,11,11,2,1,D1,Big 12,None,b12,1,FALSE,FALSE,FALSE,texas2,None,None,60,60,texas2,texas2-sheet1-row11-col11,texas2-2sht1-2rw11-2cl11
texastech2,Texas Tech Red Raiders Alternate,Texas Tech Red Raiders,Texas Tech,D1,1,11,12,2,1,D1,Big 12,None,b12,1,FALSE,FALSE,FALSE,texastech2,None,None,60,60,texastech2,texastech2-sheet1-row11-col12,texastech2-2sht1-2rw11-2cl12
texas3,Texas Longhorns Trophy,Texas Longhorns,Texas,D1,1,11,13,2,1,D1,Big 12,None,b12,2,FALSE,FALSE,FALSE,texas3,None,None,60,60,texas3,texas3-sheet1-row11-col13,texas3-2sht1-2rw11-2cl13
calpoly,Cal Poly Mustangs,Cal Poly Mustangs,Cal Poly,D1,1,12,1,2,1,D1,Big West,None,BW,0,TRUE,TRUE,TRUE,calpoly,#f/calpoly,None,60,60,calpoly,calpoly-sheet1-row12-col01,calpoly-2sht1-2rw12-2cl01
csufullerton,Cal State Fullerton Titans,Cal State Fullerton Titans,Cal State Fullerton,D1,1,12,2,2,1,D1,Big West,None,BW,0,TRUE,TRUE,TRUE,calstatefullerton,#f/calstatefullerton,None,60,60,calstatefullerton,csufullerton-sheet1-row12-col02,csufullerton-2sht1-2rw12-2cl02
calstatenorthridge,Cal State Northridge Matadors,Cal State Northridge Matadors,Cal State Northridge,D1,1,12,3,2,1,D1,Big West,None,BW,0,TRUE,TRUE,TRUE,calstatenorthridge,#f/calstatenorthridge,None,60,60,calstatenorthridge,calstatenorthridge-sheet1-row12-col03,calstatenorthridge-2sht1-2rw12-2cl03
hawaii,Hawai'i Rainbow Warriors,Hawai'i Rainbow Warriors,Hawai'i,D1,1,12,4,2,1,D1,Big West,None,BW,0,TRUE,TRUE,TRUE,hawaii,#f/hawaii,None,60,60,hawaii,#REF!,#REF!
longbeachstate,Long Beach State 49ers,Long Beach State 49ers,Long Beach State,D1,1,12,5,2,1,D1,Big West,None,BW,0,TRUE,TRUE,TRUE,longbeachstate,#f/longbeachstate,None,60,60,longbeachstate,longbeachstate-sheet1-row12-col05,longbeachstate-2sht1-2rw12-2cl05
ucdavis,UC Davis Aggies,UC Davis Aggies,UC Davis,D1,1,12,6,2,1,D1,Big West,None,BW,0,TRUE,TRUE,TRUE,ucdavis,#f/ucdavis,None,60,60,ucdavis,ucdavis-sheet1-row12-col06,ucdavis-2sht1-2rw12-2cl06
ucirvine,UC Irvine Anteaters,UC Irvine Anteaters,UC Irvine,D1,1,12,7,2,1,D1,Big West,None,BW,0,TRUE,TRUE,TRUE,ucirvine,#f/ucirvine,None,60,60,ucirvine,ucirvine-sheet1-row12-col07,ucirvine-2sht1-2rw12-2cl07
ucriverside,UC Riverside Highlanders,UC Riverside Highlanders,UC Riverside,D1,1,12,8,2,1,D1,Big West,None,BW,0,TRUE,TRUE,TRUE,ucriverside,#f/ucriverside,None,60,60,ucriverside,ucriverside-sheet1-row12-col08,ucriverside-2sht1-2rw12-2cl08
ucsb,UC Santa Barbara Gauchos,UC Santa Barbara Gauchos,UC Santa Barbara,D1,1,12,9,2,1,D1,Big West,None,BW,0,TRUE,TRUE,TRUE,ucsb,#f/ucsb,None,60,60,ucsb,ucsb-sheet1-row12-col09,ucsb-2sht1-2rw12-2cl09
charleston,College of Charleston Cougars,College of Charleston Cougars,Charleston,D1,1,13,1,2,1,D1,CAA,None,CAA,0,TRUE,TRUE,TRUE,charleston,#f/charleston,None,60,60,charleston,charleston-sheet1-row13-col01,charleston-2sht1-2rw13-2cl01
delaware,Delaware Fightin' Blue Hens,Delaware Fightin' Blue Hens,Delaware,D1,1,13,2,2,1,D1,CAA,None,CAA,0,TRUE,TRUE,TRUE,delaware,#f/delaware,None,60,60,delaware,delaware-sheet1-row13-col02,delaware-2sht1-2rw13-2cl02
drexel,Drexel Dragons,Drexel Dragons,Drexel,D1,1,13,3,2,1,D1,CAA,None,CAA,0,TRUE,TRUE,TRUE,drexel,#f/drexel,None,60,60,drexel,drexel-sheet1-row13-col03,drexel-2sht1-2rw13-2cl03
elon,Elon Phoenix,Elon Phoenix,Elon,D1,1,13,4,2,1,D1,CAA,None,CAA,0,TRUE,TRUE,TRUE,elon,#f/elon,None,60,60,elon,elon-sheet1-row13-col04,elon-2sht1-2rw13-2cl04
hofstra,Hofstra Pride,Hofstra Pride,Hofstra,D1,1,13,5,2,1,D1,CAA,None,CAA,0,TRUE,TRUE,TRUE,hofstra,#f/hofstra,None,60,60,hofstra,hofstra-sheet1-row13-col05,hofstra-2sht1-2rw13-2cl05
jamesmadison,James Madison Dukes,James Madison Dukes,James Madison,D1,1,13,6,2,1,D1,CAA,None,CAA,0,TRUE,TRUE,TRUE,jamesmadison,#f/jamesmadison,None,60,60,jamesmadison,jamesmadison-sheet1-row13-col06,jamesmadison-2sht1-2rw13-2cl06
northeastern,Northeastern Huskies,Northeastern Huskies,Northeastern,D1,1,13,7,2,1,D1,CAA,None,CAA,0,TRUE,TRUE,TRUE,northeastern,#f/northeastern,None,60,60,northeastern,northeastern-sheet1-row13-col07,northeastern-2sht1-2rw13-2cl07
towson,Towson Tigers,Towson Tigers,Towson,D1,1,13,8,2,1,D1,CAA,None,CAA,0,TRUE,TRUE,TRUE,towson,#f/towson,None,60,60,towson,towson-sheet1-row13-col08,towson-2sht1-2rw13-2cl08
uncwilmington,UNC Wilmington Seahawks,UNC Wilmington Seahawks,UNC Wilmington,D1,1,13,9,2,1,D1,CAA,None,CAA,0,TRUE,TRUE,TRUE,uncwilmington,#f/uncwilmington,None,60,60,uncwilmington,uncwilmington-sheet1-row13-col09,uncwilmington-2sht1-2rw13-2cl09
williammary,William & Mary Tribe,William & Mary Tribe,William & Mary,D1,1,13,10,2,1,D1,CAA,None,CAA,0,TRUE,TRUE,TRUE,williammary,#f/williammary,None,60,60,williammary,williammary-sheet1-row13-col10,williammary-2sht1-2rw13-2cl10
charlotte,Charlotte 49ers,Charlotte 49ers,Charlotte,D1,1,14,1,2,3,D1,Conference USA,None,cusa,0,TRUE,TRUE,TRUE,charlotte,#f/charlotte,None,60,60,charlotte,charlotte-sheet1-row14-col01,charlotte-2sht1-2rw14-2cl01
floridaatlantic,Florida Atlantic Owls,Florida Atlantic Owls,Florida Atlantic,D1,1,14,2,2,3,D1,Conference USA,None,cusa,0,TRUE,TRUE,TRUE,floridaatlantic,#f/floridaatlantic,None,60,60,floridaatlantic,floridaatlantic-sheet1-row14-col02,floridaatlantic-2sht1-2rw14-2cl02
floridainternational,Florida International Golden Panthers,Florida International Golden Panthers,Florida International,D1,1,14,3,2,3,D1,Conference USA,None,cusa,0,TRUE,TRUE,TRUE,floridainternational,#f/floridainternational,None,60,60,floridainternational,floridainternational-sheet1-row14-col03,floridainternational-2sht1-2rw14-2cl03
louisianatech,Louisiana Tech Bulldogs,Louisiana Tech Bulldogs,Louisiana Tech,D1,1,14,4,2,3,D1,Conference USA,None,cusa,0,TRUE,TRUE,TRUE,louisianatech,#f/louisianatech,None,60,60,louisianatech,louisianatech-sheet1-row14-col04,louisianatech-2sht1-2rw14-2cl04
marshall,Marshall Thundering Herd,Marshall Thundering Herd,Marshall,D1,1,14,5,2,3,D1,Conference USA,None,cusa,0,TRUE,TRUE,TRUE,marshall,#f/marshall,None,60,60,marshall,marshall-sheet1-row14-col05,marshall-2sht1-2rw14-2cl05
middletennessee,Middle Tennessee Blue Raiders,Middle Tennessee Blue Raiders,Middle Tennessee,D1,1,14,6,2,3,D1,Conference USA,None,cusa,0,TRUE,TRUE,TRUE,middletennessee,#f/middletennessee,None,60,60,middletennessee,middletennessee-sheet1-row14-col06,middletennessee-2sht1-2rw14-2cl06
northtexas,North Texas Mean Green,North Texas Mean Green,North Texas,D1,1,14,7,2,3,D1,Conference USA,None,cusa,0,TRUE,TRUE,TRUE,northtexas,#f/northtexas,None,60,60,northtexas,northtexas-sheet1-row14-col07,northtexas-2sht1-2rw14-2cl07
olddominion,Old Dominion Monarchs,Old Dominion Monarchs,Old Dominion,D1,1,14,8,2,3,D1,Conference USA,None,cusa,0,TRUE,TRUE,TRUE,olddominion,#f/olddominion,None,60,60,olddominion,olddominion-sheet1-row14-col08,olddominion-2sht1-2rw14-2cl08
rice,Rice Owls,Rice Owls,Rice,D1,1,14,9,2,3,D1,Conference USA,None,cusa,0,TRUE,TRUE,TRUE,rice,#f/rice,#f/r,60,60,rice,rice-sheet1-row14-col09,rice-2sht1-2rw14-2cl09
southernmiss,Southern Miss Golden Eagles,Southern Miss Golden Eagles,Southern Miss,D1,1,14,10,2,3,D1,Conference USA,None,cusa,0,TRUE,TRUE,TRUE,southernmiss,#f/southernmiss,None,60,60,southernmiss,southernmiss-sheet1-row14-col10,southernmiss-2sht1-2rw14-2cl10
uab,UAB Blazers,UAB Blazers,UAB,D1,1,14,11,2,3,D1,Conference USA,None,cusa,0,TRUE,TRUE,TRUE,uab,#f/uab,None,60,60,uab,uab-sheet1-row14-col11,uab-2sht1-2rw14-2cl11
utep,UTEP Miners,UTEP Miners,UTEP,D1,1,14,12,2,3,D1,Conference USA,None,cusa,0,TRUE,TRUE,TRUE,utep,#f/utep,None,60,60,utep,utep-sheet1-row14-col12,utep-2sht1-2rw14-2cl12
utsa,UTSA Roadrunners,UTSA Roadrunners,UTSA,D1,1,14,13,2,3,D1,Conference USA,None,cusa,0,TRUE,TRUE,TRUE,utsa,#f/utsa,None,60,60,utsa,utsa-sheet1-row14-col13,utsa-2sht1-2rw14-2cl13
westernkentucky,Western Kentucky Hilltoppers,Western Kentucky Hilltoppers,Western Kentucky,D1,1,14,14,2,3,D1,Conference USA,None,cusa,0,TRUE,TRUE,TRUE,westernkentucky,#f/westernkentucky,None,60,60,westernkentucky,westernkentucky-sheet1-row14-col14,westernkentucky-2sht1-2rw14-2cl14
clevelandstate,Cleveland State Vikings,Cleveland State Vikings,Cleveland State,D1,1,15,1,2,1,D1,Horizon League,None,HL,0,TRUE,TRUE,TRUE,clevelandstate,#f/clevelandstate,None,60,60,clevelandstate,clevelandstate-sheet1-row15-col01,clevelandstate-2sht1-2rw15-2cl01
detroit,Detroit Titans,Detroit Titans,Detroit,D1,1,15,2,2,1,D1,Horizon League,None,HL,0,TRUE,TRUE,TRUE,detroit,#f/detroit,None,60,60,detroit,detroit-sheet1-row15-col02,detroit-2sht1-2rw15-2cl02
milwaukee,Milwaukee Panthers,Milwaukee Panthers,Milwaukee,D1,1,15,3,2,1,D1,Horizon League,None,HL,0,TRUE,TRUE,TRUE,milwaukee,#f/milwaukee,None,60,60,milwaukee,milwaukee-sheet1-row15-col03,milwaukee-2sht1-2rw15-2cl03
northernkentucky,Northern Kentucky Norse,Northern Kentucky Norse,Northern Kentucky,D1,1,15,4,2,1,D1,Horizon League,None,HL,0,TRUE,TRUE,TRUE,northernkentucky,#f/northernkentucky,None,60,60,northernkentucky,northernkentucky-sheet1-row15-col04,northernkentucky-2sht1-2rw15-2cl04
oakland,Oakland Golden Grizzlies,Oakland Golden Grizzlies,Oakland,D1,1,15,5,2,1,D1,Horizon League,None,HL,0,TRUE,TRUE,TRUE,oakland,#f/oakland,None,60,60,oakland,oakland-sheet1-row15-col05,oakland-2sht1-2rw15-2cl05
uic,UIC Flames,UIC Flames,UIC,D1,1,15,6,2,1,D1,Horizon League,None,HL,0,TRUE,TRUE,TRUE,uic,#f/uic,None,60,60,uic,uic-sheet1-row15-col06,uic-2sht1-2rw15-2cl06
greenbay,Green Bay Phoenix,Green Bay Phoenix,Green Bay,D1,1,15,7,2,1,D1,Horizon League,None,HL,0,TRUE,TRUE,TRUE,greenbay,#f/greenbay,None,60,60,greenbay,greenbay-sheet1-row15-col07,greenbay-2sht1-2rw15-2cl07
valparaiso,Valparaiso Crusaders,Valparaiso Crusaders,Valparaiso,D1,1,15,8,2,1,D1,Horizon League,None,HL,0,TRUE,TRUE,TRUE,valparaiso,#f/valparaiso,None,60,60,valparaiso,valparaiso-sheet1-row15-col08,valparaiso-2sht1-2rw15-2cl08
wrightstate,Wright State Raiders,Wright State Raiders,Wright State,D1,1,15,9,2,1,D1,Horizon League,None,HL,0,TRUE,TRUE,TRUE,wrightstate,#f/wrightstate,None,60,60,wrightstate,wrightstate-sheet1-row15-col09,wrightstate-2sht1-2rw15-2cl09
youngstownstate,Youngstown State Penguins,Youngstown State Penguins,Youngstown State,D1,1,15,10,2,1,D1,Horizon League,None,HL,0,TRUE,TRUE,TRUE,youngstownstate,#f/youngstownstate,None,60,60,youngstownstate,youngstownstate-sheet1-row15-col10,youngstownstate-2sht1-2rw15-2cl10
brown,Brown Bears,Brown Bears,Brown,D1,1,16,1,2,1,D1,Ivy League,None,ivy,0,TRUE,TRUE,TRUE,brown,#f/brown,None,60,60,brown,brown-sheet1-row16-col01,brown-2sht1-2rw16-2cl01
columbia,Columbia Lions,Columbia Lions,Columbia,D1,1,16,2,2,1,D1,Ivy League,None,ivy,0,TRUE,TRUE,TRUE,columbia,#f/columbia,None,60,60,columbia,columbia-sheet1-row16-col02,columbia-2sht1-2rw16-2cl02
cornell,Cornell Big Red,Cornell Big Red,Cornell,D1,1,16,3,2,1,D1,Ivy League,None,ivy,0,TRUE,TRUE,TRUE,cornell,#f/cornell,None,60,60,cornell,cornell-sheet1-row16-col03,cornell-2sht1-2rw16-2cl03
dartmouth,Dartmouth Big Green,Dartmouth Big Green,Dartmouth,D1,1,16,4,2,1,D1,Ivy League,None,ivy,0,TRUE,TRUE,TRUE,dartmouth,#f/dartmouth,None,60,60,dartmouth,dartmouth-sheet1-row16-col04,dartmouth-2sht1-2rw16-2cl04
harvard,Harvard Crimson,Harvard Crimson,Harvard,D1,1,16,5,2,1,D1,Ivy League,None,ivy,0,TRUE,TRUE,TRUE,harvard,#f/harvard,None,60,60,harvard,harvard-sheet1-row16-col05,harvard-2sht1-2rw16-2cl05
pennsylvania,Penn Quakers,Penn Quakers,Penn,D1,1,16,6,2,1,D1,Ivy League,None,ivy,0,TRUE,TRUE,TRUE,pennsylvania,#f/pennsylvania,None,60,60,pennsylvania,pennsylvania-sheet1-row16-col06,pennsylvania-2sht1-2rw16-2cl06
princeton,Princeton Tigers,Princeton Tigers,Princeton,D1,1,16,7,2,1,D1,Ivy League,None,ivy,0,TRUE,TRUE,TRUE,princeton,#f/princeton,None,60,60,princeton,princeton-sheet1-row16-col07,princeton-2sht1-2rw16-2cl07
yale,Yale Bulldogs,Yale Bulldogs,Yale,D1,1,16,8,2,1,D1,Ivy League,None,ivy,0,TRUE,TRUE,TRUE,yale,#f/yale,None,60,60,yale,yale-sheet1-row16-col08,yale-2sht1-2rw16-2cl08
canisius,Canisius Golden Griffins,Canisius Golden Griffins,Canisius,D1,1,17,1,2,1,D1,MAAC,None,MAAC,0,TRUE,TRUE,TRUE,canisius,#f/canisius,None,60,60,canisius,canisius-sheet1-row17-col01,canisius-2sht1-2rw17-2cl01
fairfield,Fairfield Stags,Fairfield Stags,Fairfield,D1,1,17,2,2,1,D1,MAAC,None,MAAC,0,TRUE,TRUE,TRUE,fairfield,#f/fairfield,None,60,60,fairfield,fairfield-sheet1-row17-col02,fairfield-2sht1-2rw17-2cl02
iona,Iona Gaels,Iona Gaels,Iona,D1,1,17,3,2,1,D1,MAAC,None,MAAC,0,TRUE,TRUE,TRUE,iona,#f/iona,None,60,60,iona,iona-sheet1-row17-col03,iona-2sht1-2rw17-2cl03
manhattan,Manhattan Jaspers,Manhattan Jaspers,Manhattan,D1,1,17,4,2,1,D1,MAAC,None,MAAC,0,TRUE,TRUE,TRUE,manhattan,#f/manhattan,None,60,60,manhattan,manhattan-sheet1-row17-col04,manhattan-2sht1-2rw17-2cl04
marist,Marist Red Foxes,Marist Red Foxes,Marist,D1,1,17,5,2,1,D1,MAAC,None,MAAC,0,TRUE,TRUE,TRUE,marist,#f/marist,None,60,60,marist,marist-sheet1-row17-col05,marist-2sht1-2rw17-2cl05
monmouth,Monmouth Hawks,Monmouth Hawks,Monmouth,D1,1,17,6,2,1,D1,MAAC,None,MAAC,0,TRUE,TRUE,TRUE,monmouth,#f/monmouth,None,60,60,monmouth,monmouth-sheet1-row17-col06,monmouth-2sht1-2rw17-2cl06
niagara,Niagara Purple Eagles,Niagara Purple Eagles,Niagara,D1,1,17,7,2,1,D1,MAAC,None,MAAC,0,TRUE,TRUE,TRUE,niagara,#f/niagara,None,60,60,niagara,niagara-sheet1-row17-col07,niagara-2sht1-2rw17-2cl07
quinnipiac,Quinnipiac Bobcats,Quinnipiac Bobcats,Quinnipiac,D1,1,17,8,2,1,D1,MAAC,None,MAAC,0,TRUE,TRUE,TRUE,quinnipiac,#f/quinnipiac,None,60,60,quinnipiac,quinnipiac-sheet1-row17-col08,quinnipiac-2sht1-2rw17-2cl08
rider,Rider Broncs,Rider Broncs,Rider,D1,1,17,9,2,1,D1,MAAC,None,MAAC,0,TRUE,TRUE,TRUE,rider,#f/rider,None,60,60,rider,rider-sheet1-row17-col09,rider-2sht1-2rw17-2cl09
stpeters,St. Peter's Peacocks,St. Peter's Peacocks,St. Peter's,D1,1,17,10,2,1,D1,MAAC,None,MAAC,0,TRUE,TRUE,TRUE,stpeters,#f/stpeters,None,60,60,stpeters,stpeters-sheet1-row17-col10,stpeters-2sht1-2rw17-2cl10
siena,Siena Saints,Siena Saints,Siena,D1,1,17,11,2,1,D1,MAAC,None,MAAC,0,TRUE,TRUE,TRUE,siena,#f/siena,None,60,60,siena,siena-sheet1-row17-col11,siena-2sht1-2rw17-2cl11
akron,Akron Zips,Akron Zips,Akron,D1,1,18,1,2,1,D1,MAC,None,MAC,0,TRUE,TRUE,TRUE,akron,#f/akron,None,60,60,akron,akron-sheet1-row18-col01,akron-2sht1-2rw18-2cl01
ballstate,Ball State Cardinals,Ball State Cardinals,Ball State,D1,1,18,2,2,1,D1,MAC,None,MAC,0,TRUE,TRUE,TRUE,ballstate,#f/ballstate,None,60,60,ballstate,ballstate-sheet1-row18-col02,ballstate-2sht1-2rw18-2cl02
bowlinggreen,Bowling Green Falcons,Bowling Green Falcons,Bowling Green,D1,1,18,3,2,1,D1,MAC,None,MAC,0,TRUE,TRUE,TRUE,bowlinggreen,#f/bowlinggreen,None,60,60,bowlinggreen,bowlinggreen-sheet1-row18-col03,bowlinggreen-2sht1-2rw18-2cl03
buffalo,Buffalo Bulls,Buffalo Bulls,Buffalo,D1,1,18,4,2,1,D1,MAC,None,MAC,0,TRUE,TRUE,TRUE,buffalo,#f/buffalo,None,60,60,buffalo,buffalo-sheet1-row18-col04,buffalo-2sht1-2rw18-2cl04
centralmichigan,Central Michigan Chippewas,Central Michigan Chippewas,Central Michigan,D1,1,18,5,2,1,D1,MAC,None,MAC,0,TRUE,TRUE,TRUE,centralmichigan,#f/centralmichigan,None,60,60,centralmichigan,centralmichigan-sheet1-row18-col05,centralmichigan-2sht1-2rw18-2cl05
easternmichigan,Eastern Michigan Eagles,Eastern Michigan Eagles,Eastern Michigan,D1,1,18,6,2,1,D1,MAC,None,MAC,0,TRUE,TRUE,TRUE,easternmichigan,#f/easternmichigan,None,60,60,easternmichigan,easternmichigan-sheet1-row18-col06,easternmichigan-2sht1-2rw18-2cl06
kentstate,Kent State Golden Flashes,Kent State Golden Flashes,Kent State,D1,1,18,7,2,1,D1,MAC,None,MAC,0,TRUE,TRUE,TRUE,kentstate,#f/kentstate,None,60,60,kentstate,kentstate-sheet1-row18-col07,kentstate-2sht1-2rw18-2cl07
miamioh,Miami RedHawks,Miami RedHawks,Miami,D1,1,18,9,2,1,D1,MAC,None,MAC,0,TRUE,TRUE,TRUE,miamioh,#f/miamioh,None,60,60,miamioh,miamioh-sheet1-row18-col09,miamioh-2sht1-2rw18-2cl09
northernillinois,Northern Illinois Huskies,Northern Illinois Huskies,Northern Illinois,D1,1,18,10,2,1,D1,MAC,None,MAC,0,TRUE,TRUE,TRUE,northernillinois,#f/northernillinois,None,60,60,northernillinois,northernillinois-sheet1-row18-col10,northernillinois-2sht1-2rw18-2cl10
ohio,Ohio Bobcats,Ohio Bobcats,Ohio,D1,1,18,11,2,1,D1,MAC,None,MAC,0,TRUE,TRUE,TRUE,ohio,#f/ohio,None,60,60,ohio,ohio-sheet1-row18-col11,ohio-2sht1-2rw18-2cl11
toledo,Toledo Rockets,Toledo Rockets,Toledo,D1,1,18,12,2,1,D1,MAC,None,MAC,0,TRUE,TRUE,TRUE,toledo,#f/toledo,None,60,60,toledo,toledo-sheet1-row18-col12,toledo-2sht1-2rw18-2cl12
westernmichigan,Western Michigan Broncos,Western Michigan Broncos,Western Michigan,D1,1,18,13,2,1,D1,MAC,None,MAC,0,TRUE,TRUE,TRUE,westernmichigan,#f/westernmichigan,None,60,60,westernmichigan,westernmichigan-sheet1-row18-col13,westernmichigan-2sht1-2rw18-2cl13
bethunecookman,Bethune-Cookman Wildcats,Bethune-Cookman Wildcats,Bethune-Cookman,D1,1,19,1,2,1,D1,MEAC,None,MEAC,0,TRUE,TRUE,TRUE,bethunecookman,#f/bethunecookman,None,60,60,bethunecookman,bethunecookman-sheet1-row19-col01,bethunecookman-2sht1-2rw19-2cl01
coppinstate,Coppin State Eagles,Coppin State Eagles,Coppin State,D1,1,19,2,2,1,D1,MEAC,None,MEAC,0,TRUE,TRUE,TRUE,coppinstate,#f/coppinstate,None,60,60,coppinstate,coppinstate-sheet1-row19-col02,coppinstate-2sht1-2rw19-2cl02
delawarestate,Delaware State Hornets,Delaware State Hornets,Delaware State,D1,1,19,3,2,1,D1,MEAC,None,MEAC,0,TRUE,TRUE,TRUE,delawarestate,#f/delawarestate,None,60,60,delawarestate,delawarestate-sheet1-row19-col03,delawarestate-2sht1-2rw19-2cl03
floridaam,Florida A&M Rattlers,Florida A&M Rattlers,Florida A&M,D1,1,19,4,2,1,D1,MEAC,None,MEAC,0,TRUE,TRUE,TRUE,floridaam,#f/floridaam,None,60,60,floridaam,floridaam-sheet1-row19-col04,floridaam-2sht1-2rw19-2cl04
hampton,Hampton Pirates,Hampton Pirates,Hampton,D1,1,19,5,2,1,D1,MEAC,None,MEAC,0,TRUE,TRUE,TRUE,hampton,#f/hampton,None,60,60,hampton,hampton-sheet1-row19-col05,hampton-2sht1-2rw19-2cl05
howard,Howard Bison,Howard Bison,Howard,D1,1,19,6,2,1,D1,MEAC,None,MEAC,0,TRUE,TRUE,TRUE,howard,#f/howard,None,60,60,howard,howard-sheet1-row19-col06,howard-2sht1-2rw19-2cl06
umes,UMES Hawks,UMES Hawks,UMES,D1,1,19,7,2,1,D1,MEAC,None,MEAC,0,TRUE,TRUE,TRUE,umes,#f/umes,None,60,60,umes,umes-sheet1-row19-col07,umes-2sht1-2rw19-2cl07
morganstate,Morgan State Bears,Morgan State Bears,Morgan State,D1,1,19,8,2,1,D1,MEAC,None,MEAC,0,TRUE,TRUE,TRUE,morganstate,#f/morganstate,None,60,60,morganstate,morganstate-sheet1-row19-col08,morganstate-2sht1-2rw19-2cl08
norfolkstate,Norfolk State Spartans,Norfolk State Spartans,Norfolk State,D1,1,19,9,2,1,D1,MEAC,None,MEAC,0,TRUE,TRUE,TRUE,norfolkstate,#f/norfolkstate,None,60,60,norfolkstate,norfolkstate-sheet1-row19-col09,norfolkstate-2sht1-2rw19-2cl09
northcarolinaat,North Carolina A&T Aggies,North Carolina A&T Aggies,North Carolina A&T,D1,1,19,10,2,1,D1,MEAC,None,MEAC,0,TRUE,TRUE,TRUE,northcarolinaat,#f/northcarolinaat,None,60,60,northcarolinaat,northcarolinaat-sheet1-row19-col10,northcarolinaat-2sht1-2rw19-2cl10
nccentral,NCCU Eagles,NCCU Eagles,NCCU,D1,1,19,11,2,1,D1,MEAC,None,MEAC,0,TRUE,TRUE,TRUE,nccentral,#f/nccentral,None,60,60,nccentral,nccentral-sheet1-row19-col11,nccentral-2sht1-2rw19-2cl11
savannahstate,Savannah State Tigers,Savannah State Tigers,Savannah State,D1,1,19,12,2,1,D1,MEAC,None,MEAC,0,TRUE,TRUE,TRUE,savannahstate,#f/savannahstate,None,60,60,savannahstate,savannahstate-sheet1-row19-col12,savannahstate-2sht1-2rw19-2cl12
southcarolinastate,SC State Bulldogs,SC State Bulldogs,SC State,D1,1,19,13,2,1,D1,MEAC,None,MEAC,0,TRUE,TRUE,TRUE,southcarolinastate,#f/southcarolinastate,None,60,60,southcarolinastate,southcarolinastate-sheet1-row19-col13,southcarolinastate-2sht1-2rw19-2cl13
bradley,Bradley Braves,Bradley Braves,Bradley,D1,1,20,1,2,1,D1,Missouri Valley,None,MVC,0,TRUE,TRUE,TRUE,bradley,#f/bradley,None,60,60,bradley,bradley-sheet1-row20-col01,bradley-2sht1-2rw20-2cl01
drake,Drake Bulldogs,Drake Bulldogs,Drake,D1,1,20,2,2,1,D1,Missouri Valley,None,MVC,0,TRUE,TRUE,TRUE,drake,#f/drake,None,60,60,drake,drake-sheet1-row20-col02,drake-2sht1-2rw20-2cl02
evansville,Evansville Purple Aces,Evansville Purple Aces,Evansville,D1,1,20,3,2,1,D1,Missouri Valley,None,MVC,0,TRUE,TRUE,TRUE,evansville,#f/evansville,None,60,60,evansville,evansville-sheet1-row20-col03,evansville-2sht1-2rw20-2cl03
illinoisstate,Illinois State Redbirds,Illinois State Redbirds,Illinois State,D1,1,20,4,2,1,D1,Missouri Valley,None,MVC,0,TRUE,TRUE,TRUE,illinoisstate,#f/illinoisstate,None,60,60,illinoisstate,illinoisstate-sheet1-row20-col04,illinoisstate-2sht1-2rw20-2cl04
indianastate,Indiana State Sycamores,Indiana State Sycamores,Indiana State,D1,1,20,5,2,1,D1,Missouri Valley,None,MVC,0,TRUE,TRUE,TRUE,indianastate,#f/indianastate,None,60,60,indianastate,indianastate-sheet1-row20-col05,indianastate-2sht1-2rw20-2cl05
loyolachicago,Loyola Chicago Ramblers,Loyola Chicago Ramblers,Loyola Chicago,D1,1,20,6,2,1,D1,Missouri Valley,None,MVC,0,TRUE,TRUE,TRUE,loyolachicago,#f/loyolachicago,None,60,60,loyolachicago,loyolachicago-sheet1-row20-col06,loyolachicago-2sht1-2rw20-2cl06
missouristate,Missouri State Bears,Missouri State Bears,Missouri State,D1,1,20,7,2,1,D1,Missouri Valley,None,MVC,0,TRUE,TRUE,TRUE,missouristate,#f/missouristate,None,60,60,missouristate,missouristate-sheet1-row20-col07,missouristate-2sht1-2rw20-2cl07
northerniowa,Northern Iowa Panthers,Northern Iowa Panthers,Northern Iowa,D1,1,20,8,2,1,D1,Missouri Valley,None,MVC,0,TRUE,TRUE,TRUE,northerniowa,#f/northerniowa,None,60,60,northerniowa,northerniowa-sheet1-row20-col08,northerniowa-2sht1-2rw20-2cl08
southernillinois,Southern Illinois Salukis,Southern Illinois Salukis,Southern Illinois,D1,1,20,9,2,1,D1,Missouri Valley,None,MVC,0,TRUE,TRUE,TRUE,southernillinois,#f/southernillinois,None,60,60,southernillinois,southernillinois-sheet1-row20-col09,southernillinois-2sht1-2rw20-2cl09
wichitastate,Wichita State Shockers,Wichita State Shockers,Wichita State,D1,1,20,10,2,1,D1,Missouri Valley,None,MVC,0,TRUE,TRUE,TRUE,wichitastate,#f/wichitastate,None,60,60,wichitastate,wichitastate-sheet1-row20-col10,wichitastate-2sht1-2rw20-2cl10
airforce,Air Force Falcons,Air Force Falcons,Air Force,D1,1,21,1,2,1,D1,Mountain West,None,mwc,0,TRUE,TRUE,TRUE,airforce,#f/airforce,None,60,60,airforce,airforce-sheet1-row21-col01,airforce-2sht1-2rw21-2cl01
boisestate,Boise State Broncos,Boise State Broncos,Boise State,D1,1,21,2,2,1,D1,Mountain West,None,mwc,0,TRUE,TRUE,TRUE,boisestate,#f/boisestate,None,60,60,boisestate,boisestate-sheet1-row21-col02,boisestate-2sht1-2rw21-2cl02
coloradostate,Colorado State Rams,Colorado State Rams,Colorado State,D1,1,21,3,2,1,D1,Mountain West,None,mwc,0,TRUE,TRUE,TRUE,coloradostate,#f/coloradostate,None,60,60,coloradostate,coloradostate-sheet1-row21-col03,coloradostate-2sht1-2rw21-2cl03
fresnostate,Fresno State Bulldogs,Fresno State Bulldogs,Fresno State,D1,1,21,4,2,1,D1,Mountain West,None,mwc,0,TRUE,TRUE,TRUE,fresnostate,#f/fresnostate,None,60,60,fresnostate,fresnostate-sheet1-row21-col04,fresnostate-2sht1-2rw21-2cl04
nevada,Nevada Wolf Pack,Nevada Wolf Pack,Nevada,D1,1,21,6,2,1,D1,Mountain West,None,mwc,0,TRUE,TRUE,TRUE,nevada,#f/nevada,None,60,60,nevada,nevada-sheet1-row21-col06,nevada-2sht1-2rw21-2cl06
newmexico,New Mexico Lobos,New Mexico Lobos,New Mexico,D1,1,21,7,2,1,D1,Mountain West,None,mwc,0,TRUE,TRUE,TRUE,newmexico,#f/newmexico,None,60,60,newmexico,newmexico-sheet1-row21-col07,newmexico-2sht1-2rw21-2cl07
sandiegostate,San Diego State Aztecs,San Diego State Aztecs,San Diego State,D1,1,21,8,2,1,D1,Mountain West,None,mwc,0,TRUE,TRUE,TRUE,sandiegostate,#f/sandiegostate,None,60,60,sandiegostate,sandiegostate-sheet1-row21-col08,sandiegostate-2sht1-2rw21-2cl08
sanjosestate,San José State Spartans,San José State Spartans,San José State,D1,1,21,9,2,1,D1,Mountain West,None,mwc,0,TRUE,TRUE,TRUE,sanjosestate,#f/sanjosestate,None,60,60,sanjosestate,sanjosestate-sheet1-row21-col09,sanjosestate-2sht1-2rw21-2cl09
unlv,UNLV Rebels,UNLV Rebels,UNLV,D1,1,21,10,2,1,D1,Mountain West,None,mwc,0,TRUE,TRUE,TRUE,unlv,#f/unlv,None,60,60,unlv,unlv-sheet1-row21-col10,unlv-2sht1-2rw21-2cl10
utahstate,Utah State Aggies,Utah State Aggies,Utah State,D1,1,21,11,2,1,D1,Mountain West,None,mwc,0,TRUE,TRUE,TRUE,utahstate,#f/utahstate,None,60,60,utahstate,utahstate-sheet1-row21-col11,utahstate-2sht1-2rw21-2cl11
wyoming,Wyoming Cowboys,Wyoming Cowboys,Wyoming,D1,1,21,12,2,1,D1,Mountain West,None,mwc,0,TRUE,TRUE,TRUE,wyoming,#f/wyoming,None,60,60,wyoming,wyoming-sheet1-row21-col12,wyoming-2sht1-2rw21-2cl12
bryant,Bryant Bulldogs,Bryant Bulldogs,Bryant,D1,1,22,1,2,1,D1,Northeast,None,nec,0,TRUE,TRUE,TRUE,bryant,#f/bryant,None,60,60,bryant,bryant-sheet1-row22-col01,bryant-2sht1-2rw22-2cl01
centralconnecticutstate,Central Connecticut State Blue Devils,Central Connecticut State Blue Devils,Central Connecticut State,D1,1,22,2,2,1,D1,Northeast,None,nec,0,TRUE,TRUE,TRUE,centralconnecticutstate,#f/centralconnecticutstate,None,60,60,centralconnecticutstate,centralconnecticutstate-sheet1-row22-col02,centralconnecticutstate-2sht1-2rw22-2cl02
fairleighdickinson,Fairleigh Dickinson Knights,Fairleigh Dickinson Knights,Fairleigh Dickinson,D1,1,22,3,2,1,D1,Northeast,None,nec,0,TRUE,TRUE,TRUE,fairleighdickinson,#f/fairleighdickinson,None,60,60,fairleighdickinson,fairleighdickinson-sheet1-row22-col03,fairleighdickinson-2sht1-2rw22-2cl03
longisland,LIU Brooklyn Blackbirds,LIU Brooklyn Blackbirds,LIU Brooklyn,D1,1,22,4,2,1,D1,Northeast,None,nec,0,TRUE,TRUE,TRUE,longisland,#f/longisland,None,60,60,longisland,longisland-sheet1-row22-col04,longisland-2sht1-2rw22-2cl04
mountstmarys,Mount St. Mary's Mountaineers,Mount St. Mary's Mountaineers,Mount St. Mary's,D1,1,22,5,2,1,D1,Northeast,None,nec,0,TRUE,TRUE,TRUE,mountstmarys,#f/mountstmarys,None,60,60,mountstmarys,mountstmarys-sheet1-row22-col05,mountstmarys-2sht1-2rw22-2cl05
robertmorris,Robert Morris Colonials,Robert Morris Colonials,Robert Morris,D1,1,22,6,2,1,D1,Northeast,None,nec,0,TRUE,TRUE,TRUE,robertmorris,#f/robertmorris,None,60,60,robertmorris,robertmorris-sheet1-row22-col06,robertmorris-2sht1-2rw22-2cl06
sacredheart,Sacred Heart Pioneers,Sacred Heart Pioneers,Sacred Heart,D1,1,22,7,2,1,D1,Northeast,None,nec,0,TRUE,TRUE,TRUE,sacredheart,#f/sacredheart,None,60,60,sacredheart,sacredheart-sheet1-row22-col07,sacredheart-2sht1-2rw22-2cl07
stfrancisbrooklyn,St. Francis Brooklyn Terriers,St. Francis Brooklyn Terriers,St. Francis Brooklyn,D1,1,22,8,2,1,D1,Northeast,None,nec,0,TRUE,TRUE,TRUE,stfrancisbrooklyn,#f/stfrancisbrooklyn,None,60,60,stfrancisbrooklyn,stfrancisbrooklyn-sheet1-row22-col08,stfrancisbrooklyn-2sht1-2rw22-2cl08
stfrancispa,St. Francis PA Red Flash,St. Francis PA Red Flash,St. Francis PA,D1,1,22,9,2,1,D1,Northeast,None,nec,0,TRUE,TRUE,TRUE,stfrancispa,#f/stfrancispa,None,60,60,stfrancispa,stfrancispa-sheet1-row22-col09,stfrancispa-2sht1-2rw22-2cl09
wagner,Wagner Seahawks,Wagner Seahawks,Wagner,D1,1,22,10,2,1,D1,Northeast,None,nec,0,TRUE,TRUE,TRUE,wagner,#f/wagner,None,60,60,wagner,wagner-sheet1-row22-col10,wagner-2sht1-2rw22-2cl10
austinpeay,Austin Peay Governors,Austin Peay Governors,Austin Peay,D1,1,23,1,2,1,D1,Ohio Valley,None,ovc,0,TRUE,TRUE,TRUE,austinpeay,#f/austinpeay,None,60,60,austinpeay,austinpeay-sheet1-row23-col01,austinpeay-2sht1-2rw23-2cl01
belmont,Belmont Bruins,Belmont Bruins,Belmont,D1,1,23,2,2,1,D1,Ohio Valley,None,ovc,0,TRUE,TRUE,TRUE,belmont,#f/belmont,None,60,60,belmont,belmont-sheet1-row23-col02,belmont-2sht1-2rw23-2cl02
easternillinois,Eastern Illinois Panthers,Eastern Illinois Panthers,Eastern Illinois,D1,1,23,3,2,1,D1,Ohio Valley,None,ovc,0,TRUE,TRUE,TRUE,easternillinois,#f/easternillinois,None,60,60,easternillinois,easternillinois-sheet1-row23-col03,easternillinois-2sht1-2rw23-2cl03
easternkentucky,Eastern Kentucky Colonels,Eastern Kentucky Colonels,Eastern Kentucky,D1,1,23,4,2,1,D1,Ohio Valley,None,ovc,0,TRUE,TRUE,TRUE,easternkentucky,#f/easternkentucky,None,60,60,easternkentucky,easternkentucky-sheet1-row23-col04,easternkentucky-2sht1-2rw23-2cl04
jacksonvillestate,Jacksonville State Gamecocks,Jacksonville State Gamecocks,Jacksonville State,D1,1,23,5,2,1,D1,Ohio Valley,None,ovc,0,TRUE,TRUE,TRUE,jacksonvillestate,#f/jacksonvillestate,None,60,60,jacksonvillestate,jacksonvillestate-sheet1-row23-col05,jacksonvillestate-2sht1-2rw23-2cl05
moreheadstate,Morehead State Eagles,Morehead State Eagles,Morehead State,D1,1,23,6,2,1,D1,Ohio Valley,None,ovc,0,TRUE,TRUE,TRUE,moreheadstate,#f/moreheadstate,None,60,60,moreheadstate,moreheadstate-sheet1-row23-col06,moreheadstate-2sht1-2rw23-2cl06
murraystate,Murray State Racers,Murray State Racers,Murray State,D1,1,23,7,2,1,D1,Ohio Valley,None,ovc,0,TRUE,TRUE,TRUE,murraystate,#f/murraystate,None,60,60,murraystate,murraystate-sheet1-row23-col07,murraystate-2sht1-2rw23-2cl07
southeastmissouristate,SE Missouri State Redhawks,SE Missouri State Redhawks,SE Missouri State,D1,1,23,8,2,1,D1,Ohio Valley,None,ovc,0,TRUE,TRUE,TRUE,southeastmissouristate,#f/southeastmissouristate,None,60,60,southeastmissouristate,southeastmissouristate-sheet1-row23-col08,southeastmissouristate-2sht1-2rw23-2cl08
siue,SIU Edwardsville Cougars,SIU Edwardsville Cougars,SIU Edwardsville,D1,1,23,9,2,1,D1,Ohio Valley,None,ovc,0,TRUE,TRUE,TRUE,siue,#f/siue,None,60,60,siue,siue-sheet1-row23-col09,siue-2sht1-2rw23-2cl09
tennesseemartin,UT-Martin Skyhawks,UT-Martin Skyhawks,UT-Martin,D1,1,23,10,2,1,D1,Ohio Valley,None,ovc,0,TRUE,TRUE,TRUE,tennesseemartin,#f/tennesseemartin,None,60,60,tennesseemartin,tennesseemartin-sheet1-row23-col10,tennesseemartin-2sht1-2rw23-2cl10
tennesseestate,Tennessee State Tigers,Tennessee State Tigers,Tennessee State,D1,1,23,11,2,1,D1,Ohio Valley,None,ovc,0,TRUE,TRUE,TRUE,tennesseestate,#f/tennesseestate,None,60,60,tennesseestate,tennesseestate-sheet1-row23-col11,tennesseestate-2sht1-2rw23-2cl11
tennesseetech,Tennessee Tech Golden Eagles,Tennessee Tech Golden Eagles,Tennessee Tech,D1,1,23,12,2,1,D1,Ohio Valley,None,ovc,0,TRUE,TRUE,TRUE,tennesseetech,#f/tennesseetech,None,60,60,tennesseetech,tennesseetech-sheet1-row23-col12,tennesseetech-2sht1-2rw23-2cl12
arizona,Arizona Wildcats,Arizona Wildcats,Arizona,D1,1,24,1,2,1,D1,Pac-12,None,p12,0,TRUE,TRUE,TRUE,arizona,#f/arizona,None,60,60,arizona,arizona-sheet1-row24-col01,arizona-2sht1-2rw24-2cl01
arizonastate,Arizona State Sun Devils,Arizona State Sun Devils,Arizona State,D1,1,24,2,2,1,D1,Pac-12,None,p12,0,TRUE,TRUE,TRUE,arizonastate,#f/arizonastate,None,60,60,arizonastate,arizonastate-sheet1-row24-col02,arizonastate-2sht1-2rw24-2cl02
california,California Golden Bears,California Golden Bears,California,D1,1,24,3,2,1,D1,Pac-12,None,p12,0,TRUE,TRUE,TRUE,california,#f/california,None,60,60,california,california-sheet1-row24-col03,california-2sht1-2rw24-2cl03
colorado,Colorado Buffaloes,Colorado Buffaloes,Colorado,D1,1,24,4,2,1,D1,Pac-12,None,p12,0,TRUE,TRUE,TRUE,colorado,#f/colorado,None,60,60,colorado,colorado-sheet1-row24-col04,colorado-2sht1-2rw24-2cl04
oregon,Oregon Ducks,Oregon Ducks,Oregon,D1,1,24,5,2,1,D1,Pac-12,None,p12,0,TRUE,TRUE,TRUE,oregon,#f/oregon,None,60,60,oregon,oregon-sheet1-row24-col05,oregon-2sht1-2rw24-2cl05
oregonstate,Oregon State Beavers,Oregon State Beavers,Oregon State,D1,1,24,6,2,1,D1,Pac-12,None,p12,0,TRUE,TRUE,TRUE,oregonstate,#f/oregonstate,None,60,60,oregonstate,oregonstate-sheet1-row24-col06,oregonstate-2sht1-2rw24-2cl06
stanford,Stanford Cardinal,Stanford Cardinal,Stanford,D1,1,24,7,2,1,D1,Pac-12,None,p12,0,TRUE,TRUE,TRUE,stanford,#f/stanford,None,60,60,stanford,stanford-sheet1-row24-col07,stanford-2sht1-2rw24-2cl07
ucla,UCLA Bruins,UCLA Bruins,UCLA,D1,1,24,8,2,1,D1,Pac-12,None,p12,0,TRUE,TRUE,TRUE,ucla,#f/ucla,None,60,60,ucla,ucla-sheet1-row24-col08,ucla-2sht1-2rw24-2cl08
usc,USC Trojans,USC Trojans,USC,D1,1,24,9,2,1,D1,Pac-12,None,p12,0,TRUE,TRUE,TRUE,usc,#f/usc,None,60,60,usc,usc-sheet1-row24-col09,usc-2sht1-2rw24-2cl09
utah,Utah Utes,Utah Utes,Utah,D1,1,24,10,2,1,D1,Pac-12,None,p12,0,TRUE,TRUE,TRUE,utah,#f/utah,None,60,60,utah,utah-sheet1-row24-col10,utah-2sht1-2rw24-2cl10
washington,Washington Huskies,Washington Huskies,Washington,D1,1,24,11,2,1,D1,Pac-12,None,p12,0,TRUE,TRUE,TRUE,washington,#f/washington,None,60,60,washington,washington-sheet1-row24-col11,washington-2sht1-2rw24-2cl11
washingtonstate,Washington State Cougars,Washington State Cougars,Washington State,D1,1,24,12,2,1,D1,Pac-12,None,p12,0,TRUE,TRUE,TRUE,washingtonstate,#f/washingtonstate,None,60,60,washingtonstate,washingtonstate-sheet1-row24-col12,washingtonstate-2sht1-2rw24-2cl12
american,American Eagles,American Eagles,American,D1,1,25,1,2,1,D1,Patriot League,None,pat,0,TRUE,TRUE,TRUE,american,#f/american,None,60,60,american,american-sheet1-row25-col01,american-2sht1-2rw25-2cl01
army,Army West Point Black Knights,Army West Point Black Knights,Army West Point,D1,1,25,2,2,1,D1,Patriot League,None,pat,0,TRUE,TRUE,TRUE,army,#f/army,None,60,60,army,army-sheet1-row25-col02,army-2sht1-2rw25-2cl02
bostonuniversity,Boston University Terriers,Boston University Terriers,Boston University,D1,1,25,3,2,1,D1,Patriot League,None,pat,0,TRUE,TRUE,TRUE,bostonuniversity,#f/bostonuniversity,None,60,60,bostonuniversity,bostonuniversity-sheet1-row25-col03,bostonuniversity-2sht1-2rw25-2cl03
bucknell,Bucknell Bison,Bucknell Bison,Bucknell,D1,1,25,4,2,1,D1,Patriot League,None,pat,0,TRUE,TRUE,TRUE,bucknell,#f/bucknell,None,60,60,bucknell,bucknell-sheet1-row25-col04,bucknell-2sht1-2rw25-2cl04
colgate,Colgate Raiders,Colgate Raiders,Colgate,D1,1,25,5,2,1,D1,Patriot League,None,pat,0,TRUE,TRUE,TRUE,colgate,#f/colgate,None,60,60,colgate,colgate-sheet1-row25-col05,colgate-2sht1-2rw25-2cl05
holycross,Holy Cross Crusaders,Holy Cross Crusaders,Holy Cross,D1,1,25,6,2,1,D1,Patriot League,None,pat,0,TRUE,TRUE,TRUE,holycross,#f/holycross,None,60,60,holycross,holycross-sheet1-row25-col06,holycross-2sht1-2rw25-2cl06
lafayette,Lafayette Leopards,Lafayette Leopards,Lafayette,D1,1,25,7,2,1,D1,Patriot League,None,pat,0,TRUE,TRUE,TRUE,lafayette,#f/lafayette,None,60,60,lafayette,lafayette-sheet1-row25-col07,lafayette-2sht1-2rw25-2cl07
lehigh,Lehigh Mountain Hawks,Lehigh Mountain Hawks,Lehigh,D1,1,25,8,2,1,D1,Patriot League,None,pat,0,TRUE,TRUE,TRUE,lehigh,#f/lehigh,None,60,60,lehigh,lehigh-sheet1-row25-col08,lehigh-2sht1-2rw25-2cl08
loyolamaryland,Loyola MD Greyhounds,Loyola MD Greyhounds,Loyola MD,D1,1,25,9,2,1,D1,Patriot League,None,pat,0,TRUE,TRUE,TRUE,loyolamaryland,#f/loyolamaryland,None,60,60,loyolamaryland,loyolamaryland-sheet1-row25-col09,loyolamaryland-2sht1-2rw25-2cl09
navy,Navy Midshipmen,Navy Midshipmen,Navy,D1,1,25,10,2,1,D1,Patriot League,None,pat,0,TRUE,TRUE,TRUE,navy,#f/navy,None,60,60,navy,navy-sheet1-row25-col10,navy-2sht1-2rw25-2cl10
alabama,Alabama Crimson Tide,Alabama Crimson Tide,Alabama,D1,1,26,1,2,1,D1,SEC,None,SEC,0,TRUE,TRUE,TRUE,alabama,#f/alabama,None,60,60,alabama,alabama-sheet1-row26-col01,alabama-2sht1-2rw26-2cl01
arkansas,Arkansas Razorbacks,Arkansas Razorbacks,Arkansas,D1,1,26,2,2,1,D1,SEC,None,SEC,0,TRUE,TRUE,TRUE,arkansas,#f/arkansas,None,60,60,arkansas,arkansas-sheet1-row26-col02,arkansas-2sht1-2rw26-2cl02
auburn,Auburn Tigers,Auburn Tigers,Auburn,D1,1,26,3,2,1,D1,SEC,None,SEC,0,TRUE,TRUE,TRUE,auburn,#f/auburn,None,60,60,auburn,auburn-sheet1-row26-col03,auburn-2sht1-2rw26-2cl03
florida,Florida Gators,Florida Gators,Florida,D1,1,26,4,2,1,D1,SEC,None,SEC,0,TRUE,TRUE,TRUE,florida,#f/florida,None,60,60,florida,florida-sheet1-row26-col04,florida-2sht1-2rw26-2cl04
georgia,Georgia Bulldogs,Georgia Bulldogs,Georgia,D1,1,26,5,2,1,D1,SEC,None,SEC,0,TRUE,TRUE,TRUE,georgia,#f/georgia,None,60,60,georgia,georgia-sheet1-row26-col05,georgia-2sht1-2rw26-2cl05
kentucky,Kentucky Wildcats,Kentucky Wildcats,Kentucky,D1,1,26,6,2,1,D1,SEC,None,SEC,0,TRUE,TRUE,TRUE,kentucky,#f/kentucky,None,60,60,kentucky,kentucky-sheet1-row26-col06,kentucky-2sht1-2rw26-2cl06
lsu,LSU Tigers,LSU Tigers,LSU,D1,1,26,7,2,1,D1,SEC,None,SEC,0,TRUE,TRUE,TRUE,lsu,#f/lsu,None,60,60,lsu,lsu-sheet1-row26-col07,lsu-2sht1-2rw26-2cl07
mississippistate,Mississippi State Bulldogs,Mississippi State Bulldogs,Mississippi State,D1,1,26,8,2,1,D1,SEC,None,SEC,0,TRUE,TRUE,TRUE,mississippistate,#f/mississippistate,None,60,60,mississippistate,mississippistate-sheet1-row26-col08,mississippistate-2sht1-2rw26-2cl08
missouri,Missouri Tigers,Missouri Tigers,Missouri,D1,1,26,9,2,1,D1,SEC,None,SEC,0,TRUE,TRUE,TRUE,missouri,#f/missouri,None,60,60,missouri,missouri-sheet1-row26-col09,missouri-2sht1-2rw26-2cl09
olemiss,Ole Miss Rebels,Ole Miss Rebels,Ole Miss,D1,1,26,10,2,1,D1,SEC,None,SEC,0,TRUE,TRUE,TRUE,olemiss,#f/olemiss,None,60,60,olemiss,olemiss-sheet1-row26-col10,olemiss-2sht1-2rw26-2cl10
southcarolina,South Carolina Gamecocks,South Carolina Gamecocks,South Carolina,D1,1,26,11,2,1,D1,SEC,None,SEC,0,TRUE,TRUE,TRUE,southcarolina,#f/southcarolina,None,60,60,southcarolina,southcarolina-sheet1-row26-col11,southcarolina-2sht1-2rw26-2cl11
tennessee,Tennessee Volunteers,Tennessee Volunteers,Tennessee,D1,1,26,12,2,1,D1,SEC,None,SEC,0,TRUE,TRUE,TRUE,tennessee,#f/tennessee,None,60,60,tennessee,tennessee-sheet1-row26-col12,tennessee-2sht1-2rw26-2cl12
texasam,Texas A&M Aggies,Texas A&M Aggies,Texas A&M,D1,1,26,13,2,1,D1,SEC,None,SEC,0,TRUE,TRUE,TRUE,texasam,#f/texasam,None,60,60,texasam,texasam-sheet1-row26-col13,texasam-2sht1-2rw26-2cl13
vanderbilt,Vanderbilt Commodores,Vanderbilt Commodores,Vanderbilt,D1,1,26,14,2,1,D1,SEC,None,SEC,0,TRUE,TRUE,TRUE,vanderbilt,#f/vanderbilt,None,60,60,vanderbilt,vanderbilt-sheet1-row26-col14,vanderbilt-2sht1-2rw26-2cl14
chattanooga,Chattanooga Mocs,Chattanooga Mocs,Chattanooga,D1,1,27,1,2,1,D1,Southern,None,south,0,TRUE,TRUE,TRUE,chattanooga,#f/chattanooga,None,60,60,chattanooga,chattanooga-sheet1-row27-col01,chattanooga-2sht1-2rw27-2cl01
citadel,The Citadel Bulldogs,The Citadel Bulldogs,The Citadel,D1,1,27,2,2,1,D1,Southern,None,south,0,TRUE,TRUE,TRUE,citadel,#f/citadel,None,60,60,citadel,citadel-sheet1-row27-col02,citadel-2sht1-2rw27-2cl02
easttennesseestate,East Tennessee State Buccaneers,East Tennessee State Buccaneers,East Tennessee State,D1,1,27,3,2,1,D1,Southern,None,south,0,TRUE,TRUE,TRUE,easttennesseestate,#f/easttennesseestate,None,60,60,easttennesseestate,easttennesseestate-sheet1-row27-col03,easttennesseestate-2sht1-2rw27-2cl03
furman,Furman Paladins,Furman Paladins,Furman,D1,1,27,4,2,1,D1,Southern,None,south,0,TRUE,TRUE,TRUE,furman,#f/furman,None,60,60,furman,furman-sheet1-row27-col04,furman-2sht1-2rw27-2cl04
mercer,Mercer Bears,Mercer Bears,Mercer,D1,1,27,5,2,1,D1,Southern,None,south,0,TRUE,TRUE,TRUE,mercer,#f/mercer,None,60,60,mercer,mercer-sheet1-row27-col05,mercer-2sht1-2rw27-2cl05
samford,Samford Bulldogs,Samford Bulldogs,Samford,D1,1,27,6,2,1,D1,Southern,None,south,0,TRUE,TRUE,TRUE,samford,#f/samford,None,60,60,samford,samford-sheet1-row27-col06,samford-2sht1-2rw27-2cl06
uncgreensboro,UNC Greensboro Spartans,UNC Greensboro Spartans,UNC Greensboro,D1,1,27,7,2,1,D1,Southern,None,south,0,TRUE,TRUE,TRUE,uncgreensboro,#f/uncgreensboro,None,60,60,uncgreensboro,uncgreensboro-sheet1-row27-col07,uncgreensboro-2sht1-2rw27-2cl07
virginiamilitaryinstitute,VMI Keydets,VMI Keydets,VMI,D1,1,27,8,2,1,D1,Southern,None,south,0,TRUE,TRUE,TRUE,virginiamilitaryinstitute,#f/virginiamilitaryinstitute,None,60,60,virginiamilitaryinstitute,virginiamilitaryinstitute-sheet1-row27-col08,virginiamilitaryinstitute-2sht1-2rw27-2cl08
westerncarolina,Western Carolina Catamounts,Western Carolina Catamounts,Western Carolina,D1,1,27,9,2,1,D1,Southern,None,south,0,TRUE,TRUE,TRUE,westerncarolina,#f/westerncarolina,None,60,60,westerncarolina,westerncarolina-sheet1-row27-col09,westerncarolina-2sht1-2rw27-2cl09
wofford,Wofford Terriers,Wofford Terriers,Wofford,D1,1,27,10,2,1,D1,Southern,None,south,0,TRUE,TRUE,TRUE,wofford,#f/wofford,None,60,60,wofford,wofford-sheet1-row27-col10,wofford-2sht1-2rw27-2cl10
abilenechristian,Abilene Christian Wildcats,Abilene Christian Wildcats,Abilene Christian,D1,1,28,1,2,1,D1,Southland,None,sland,0,TRUE,TRUE,TRUE,abilenechristian,#f/abilenechristian,None,60,60,abilenechristian,abilenechristian-sheet1-row28-col01,abilenechristian-2sht1-2rw28-2cl01
centralarkansas,Central Arkansas Bears,Central Arkansas Bears,Central Arkansas,D1,1,28,2,2,1,D1,Southland,None,sland,0,TRUE,TRUE,TRUE,centralarkansas,#f/centralarkansas,None,60,60,centralarkansas,centralarkansas-sheet1-row28-col02,centralarkansas-2sht1-2rw28-2cl02
houstonbaptist,Houston Baptist Huskies,Houston Baptist Huskies,Houston Baptist,D1,1,28,3,2,1,D1,Southland,None,sland,0,TRUE,TRUE,TRUE,houstonbaptist,#f/houstonbaptist,None,60,60,houstonbaptist,houstonbaptist-sheet1-row28-col03,houstonbaptist-2sht1-2rw28-2cl03
incarnateword,Incarnate Word Cardinals,Incarnate Word Cardinals,Incarnate Word,D1,1,28,4,2,1,D1,Southland,None,sland,0,TRUE,TRUE,TRUE,incarnateword,#f/incarnateword,None,60,60,incarnateword,incarnateword-sheet1-row28-col04,incarnateword-2sht1-2rw28-2cl04
lamar,Lamar Cardinals,Lamar Cardinals,Lamar,D1,1,28,5,2,1,D1,Southland,None,sland,0,TRUE,TRUE,TRUE,lamar,#f/lamar,None,60,60,lamar,lamar-sheet1-row28-col05,lamar-2sht1-2rw28-2cl05
mcneesestate,McNeese State Cowboys,McNeese State Cowboys,McNeese State,D1,1,28,6,2,1,D1,Southland,None,sland,0,TRUE,TRUE,TRUE,mcneesestate,#f/mcneesestate,None,60,60,mcneesestate,mcneesestate-sheet1-row28-col06,mcneesestate-2sht1-2rw28-2cl06
neworleans,New Orleans Privateers,New Orleans Privateers,New Orleans,D1,1,28,7,2,1,D1,Southland,None,sland,0,TRUE,TRUE,TRUE,neworleans,#f/neworleans,None,60,60,neworleans,neworleans-sheet1-row28-col07,neworleans-2sht1-2rw28-2cl07
nichollsstate,Nicholls State Colonels,Nicholls State Colonels,Nicholls State,D1,1,28,8,2,1,D1,Southland,None,sland,0,TRUE,TRUE,TRUE,nichollsstate,#f/nichollsstate,None,60,60,nichollsstate,nichollsstate-sheet1-row28-col08,nichollsstate-2sht1-2rw28-2cl08
northwesternstate,Northwestern State Demons,Northwestern State Demons,Northwestern State,D1,1,28,9,2,1,D1,Southland,None,sland,0,TRUE,TRUE,TRUE,northwesternstate,#f/northwesternstate,None,60,60,northwesternstate,northwesternstate-sheet1-row28-col09,northwesternstate-2sht1-2rw28-2cl09
samhoustonstate,Sam Houston State Bearkats,Sam Houston State Bearkats,Sam Houston State,D1,1,28,10,2,1,D1,Southland,None,sland,0,TRUE,TRUE,TRUE,samhoustonstate,#f/samhoustonstate,None,60,60,samhoustonstate,samhoustonstate-sheet1-row28-col10,samhoustonstate-2sht1-2rw28-2cl10
southeasternlouisiana,SE Louisiana Lions,SE Louisiana Lions,SE Louisiana,D1,1,28,11,2,1,D1,Southland,None,sland,0,TRUE,TRUE,TRUE,southeasternlouisiana,#f/southeasternlouisiana,None,60,60,southeasternlouisiana,southeasternlouisiana-sheet1-row28-col11,southeasternlouisiana-2sht1-2rw28-2cl11
stephenfaustin,Stephen F. Austin Lumberjacks,Stephen F. Austin Lumberjacks,Stephen F. Austin,D1,1,28,12,2,1,D1,Southland,None,sland,0,TRUE,TRUE,TRUE,stephenfaustin,#f/stephenfaustin,None,60,60,stephenfaustin,stephenfaustin-sheet1-row28-col12,stephenfaustin-2sht1-2rw28-2cl12
texasamcorpuschristi,Texas A&M-Corpus Christi Islanders,Texas A&M-Corpus Christi Islanders,Texas A&M-Corpus Christi,D1,1,28,13,2,1,D1,Southland,None,sland,0,TRUE,TRUE,TRUE,texasamcorpuschristi,#f/texasamcorpuschristi,None,60,60,texasamcorpuschristi,texasamcorpuschristi-sheet1-row28-col13,texasamcorpuschristi-2sht1-2rw28-2cl13
alabamaam,Alabama A&M Bulldogs,Alabama A&M Bulldogs,Alabama A&M,D1,1,29,1,2,1,D1,SWAC,None,SWAC,0,TRUE,TRUE,TRUE,alabamaam,#f/alabamaam,None,60,60,alabamaam,alabamaam-sheet1-row29-col01,alabamaam-2sht1-2rw29-2cl01
alabamastate,Alabama State Hornets,Alabama State Hornets,Alabama State,D1,1,29,2,2,1,D1,SWAC,None,SWAC,0,TRUE,TRUE,TRUE,alabamastate,#f/alabamastate,None,60,60,alabamastate,alabamastate-sheet1-row29-col02,alabamastate-2sht1-2rw29-2cl02
alcornstate,Alcorn State Braves,Alcorn State Braves,Alcorn State,D1,1,29,3,2,1,D1,SWAC,None,SWAC,0,TRUE,TRUE,TRUE,alcornstate,#f/alcornstate,None,60,60,alcornstate,alcornstate-sheet1-row29-col03,alcornstate-2sht1-2rw29-2cl03
arkansaspinebluff,Arkansas-Pine Bluff Golden Lions,Arkansas-Pine Bluff Golden Lions,Arkansas-Pine Bluf,D1,1,29,4,2,1,D1,SWAC,None,SWAC,0,TRUE,TRUE,TRUE,arkansaspinebluff,#f/arkansaspinebluff,None,60,60,arkansaspinebluff,arkansaspinebluff-sheet1-row29-col04,arkansaspinebluff-2sht1-2rw29-2cl04
gramblingstate,Grambling State Tigers,Grambling State Tigers,Grambling State,D1,1,29,5,2,1,D1,SWAC,None,SWAC,0,TRUE,TRUE,TRUE,gramblingstate,#f/gramblingstate,None,60,60,gramblingstate,gramblingstate-sheet1-row29-col05,gramblingstate-2sht1-2rw29-2cl05
jacksonstate,Jackson State Tigers,Jackson State Tigers,Jackson State,D1,1,29,6,2,1,D1,SWAC,None,SWAC,0,TRUE,TRUE,TRUE,jacksonstate,#f/jacksonstate,None,60,60,jacksonstate,jacksonstate-sheet1-row29-col06,jacksonstate-2sht1-2rw29-2cl06
mississippivalleystate,Mississippi Valley State Delta Devils,Mississippi Valley State Delta Devils,Mississippi Valley State,D1,1,29,7,2,1,D1,SWAC,None,SWAC,0,TRUE,TRUE,TRUE,missvalleystate,#f/mississippivalleystate,None,60,60,missvalleystate,mississippivalleystate-sheet1-row29-col07,mississippivalleystate-2sht1-2rw29-2cl07
prairieviewam,Prairie View A&M Panthers,Prairie View A&M Panthers,Prairie View A&M,D1,1,29,8,2,1,D1,SWAC,None,SWAC,0,TRUE,TRUE,TRUE,prairieviewam,#f/prairieviewam,None,60,60,prairieviewam,prairieviewam-sheet1-row29-col08,prairieviewam-2sht1-2rw29-2cl08
southern,Southern Jaguars,Southern Jaguars,Southern,D1,1,29,9,2,1,D1,SWAC,None,SWAC,0,TRUE,TRUE,TRUE,southern,#f/southern,None,60,60,southern,southern-sheet1-row29-col09,southern-2sht1-2rw29-2cl09
texassouthern,Texas Southern Tigers,Texas Southern Tigers,Texas Southern,D1,1,29,10,2,1,D1,SWAC,None,SWAC,0,TRUE,TRUE,TRUE,texassouthern,#f/texassouthern,None,60,60,texassouthern,texassouthern-sheet1-row29-col10,texassouthern-2sht1-2rw29-2cl10
denver,Denver Pioneers,Denver Pioneers,Denver,D1,1,30,1,2,1,D1,The Summit,None,sum,0,TRUE,TRUE,TRUE,denver,#f/denver,None,60,60,denver,denver-sheet1-row30-col01,denver-2sht1-2rw30-2cl01
ipfw,IPFW Mastadons,IPFW Mastadons,IPFW,D1,1,30,2,2,1,D1,The Summit,None,sum,0,TRUE,TRUE,TRUE,ipfw,#f/ipfw,None,60,60,ipfw,ipfw-sheet1-row30-col02,ipfw-2sht1-2rw30-2cl02
iupui,IUPUI Jaguars,IUPUI Jaguars,IUPUI,D1,1,30,3,2,1,D1,The Summit,None,sum,0,TRUE,TRUE,TRUE,iupui,#f/iupui,None,60,60,iupui,iupui-sheet1-row30-col03,iupui-2sht1-2rw30-2cl03
northdakotastate,North Dakota State Bison,North Dakota State Bison,North Dakota State,D1,1,30,4,2,1,D1,The Summit,None,sum,0,TRUE,TRUE,TRUE,northdakotastate,#f/northdakotastate,None,60,60,northdakotastate,northdakotastate-sheet1-row30-col04,northdakotastate-2sht1-2rw30-2cl04
nebraskaomaha,Omaha Mavericks,Omaha Mavericks,Omaha,D1,1,30,5,2,1,D1,The Summit,None,sum,0,TRUE,TRUE,TRUE,omaha,#f/omaha,None,60,60,omaha,nebraskaomaha-sheet1-row30-col05,nebraskaomaha-2sht1-2rw30-2cl05
oralroberts,Oral Roberts Golden Eagles,Oral Roberts Golden Eagles,Oral Roberts,D1,1,30,6,2,1,D1,The Summit,None,sum,0,TRUE,TRUE,TRUE,oralroberts,#f/oralroberts,None,60,60,oralroberts,oralroberts-sheet1-row30-col06,oralroberts-2sht1-2rw30-2cl06
southdakota,South Dakota Coyotes,South Dakota Coyotes,South Dakota,D1,1,30,7,2,1,D1,The Summit,None,sum,0,TRUE,TRUE,TRUE,southdakota,#f/southdakota,None,60,60,southdakota,southdakota-sheet1-row30-col07,southdakota-2sht1-2rw30-2cl07
southdakotastate,South Dakota State Jackrabbits,South Dakota State Jackrabbits,South Dakota State,D1,1,30,8,2,1,D1,The Summit,None,sum,0,TRUE,TRUE,TRUE,southdakotastate,#f/southdakotastate,None,60,60,southdakotastate,southdakotastate-sheet1-row30-col08,southdakotastate-2sht1-2rw30-2cl08
westernillinois,Western Illinois Leathernecks,Western Illinois Leathernecks,Western Illinois,D1,1,30,9,2,1,D1,The Summit,None,sum,0,TRUE,TRUE,TRUE,westernillinois,#f/westernillinois,None,60,60,westernillinois,westernillinois-sheet1-row30-col09,westernillinois-2sht1-2rw30-2cl09
appalachianstate,Appalachian State Mountaineers,Appalachian State Mountaineers,Appalachian State,D1,1,31,1,2,1,D1,Sun Belt,None,sb,0,TRUE,TRUE,TRUE,appalachianstate,#f/appalachianstate,None,60,60,appalachianstate,appalachianstate-sheet1-row31-col01,appalachianstate-2sht1-2rw31-2cl01
littlerock,Little Rock Trojans,Little Rock Trojans,Little Rock,D1,1,31,2,2,1,D1,Sun Belt,None,sb,0,TRUE,TRUE,TRUE,littlerock,#f/littlerock,None,60,60,littlerock,littlerock-sheet1-row31-col02,littlerock-2sht1-2rw31-2cl02
arkansasstate,Arkansas State Red Wolves,Arkansas State Red Wolves,Arkansas State,D1,1,31,3,2,1,D1,Sun Belt,None,sb,0,TRUE,TRUE,TRUE,arkansasstate,#f/arkansasstate,None,60,60,arkansasstate,arkansasstate-sheet1-row31-col03,arkansasstate-2sht1-2rw31-2cl03
georgiasouthern,Georgia Southern Eagles,Georgia Southern Eagles,Georgia Southern,D1,1,31,4,2,1,D1,Sun Belt,None,sb,0,TRUE,TRUE,TRUE,georgiasouthern,#f/georgiasouthern,None,60,60,georgiasouthern,georgiasouthern-sheet1-row31-col04,georgiasouthern-2sht1-2rw31-2cl04
georgiastate,Georgia State Panthers,Georgia State Panthers,Georgia State,D1,1,31,5,2,1,D1,Sun Belt,None,sb,0,TRUE,TRUE,TRUE,georgiastate,#f/georgiastate,None,60,60,georgiastate,georgiastate-sheet1-row31-col05,georgiastate-2sht1-2rw31-2cl05
louisianalafayette,Louisiana-Lafayette Ragin' Cajuns,Louisiana-Lafayette Ragin' Cajuns,Louisiana-Lafayette,D1,1,31,6,2,1,D1,Sun Belt,None,sb,0,TRUE,TRUE,TRUE,louisianalafayette,#f/louisianalafayette,None,60,60,louisianalafayette,louisianalafayette-sheet1-row31-col06,louisianalafayette-2sht1-2rw31-2cl06
louisianamonroe,Louisiana-Monroe Warhawks,Louisiana-Monroe Warhawks,Louisiana-Monroe,D1,1,31,7,2,1,D1,Sun Belt,None,sb,0,TRUE,TRUE,TRUE,louisianamonroe,#f/louisianamonroe,None,60,60,louisianamonroe,louisianamonroe-sheet1-row31-col07,louisianamonroe-2sht1-2rw31-2cl07
utarlington,UT-Arlington Mavericks,UT-Arlington Mavericks,UT-Arlington,D1,1,31,8,2,1,D1,Sun Belt,None,sb,0,TRUE,TRUE,TRUE,utarlington,#f/utarlington,None,60,60,utarlington,utarlington-sheet1-row31-col08,utarlington-2sht1-2rw31-2cl08
southalabama,South Alabama Jaguars,South Alabama Jaguars,South Alabama,D1,1,31,9,2,1,D1,Sun Belt,None,sb,0,TRUE,TRUE,TRUE,southalabama,#f/southalabama,None,60,60,southalabama,southalabama-sheet1-row31-col09,southalabama-2sht1-2rw31-2cl09
texasstate,Texas State Bobcats,Texas State Bobcats,Texas State,D1,1,31,10,2,1,D1,Sun Belt,None,sb,0,TRUE,TRUE,TRUE,texasstate,#f/texasstate,None,60,60,texasstate,texasstate-sheet1-row31-col10,texasstate-2sht1-2rw31-2cl10
troy,Troy Trojans,Troy Trojans,Troy,D1,1,31,11,2,1,D1,Sun Belt,None,sb,0,TRUE,TRUE,TRUE,troy,#f/troy,None,60,60,troy,troy-sheet1-row31-col11,troy-2sht1-2rw31-2cl11
byu,BYU Cougars,BYU Cougars,BYU,D1,1,32,1,2,1,D1,West Coast,None,wc,0,TRUE,TRUE,TRUE,byu,#f/byu,None,60,60,byu,byu-sheet1-row32-col01,byu-2sht1-2rw32-2cl01
gonzaga,Gonzaga Bulldogs,Gonzaga Bulldogs,Gonzaga,D1,1,32,2,2,1,D1,West Coast,None,wc,0,TRUE,TRUE,TRUE,gonzaga,#f/gonzaga,None,60,60,gonzaga,gonzaga-sheet1-row32-col02,gonzaga-2sht1-2rw32-2cl02
loyolamarymount,Loyola Marymount Lions,Loyola Marymount Lions,Loyola Marymount,D1,1,32,3,2,1,D1,West Coast,None,wc,0,TRUE,TRUE,TRUE,loyolamarymount,#f/loyolamarymount,None,60,60,loyolamarymount,loyolamarymount-sheet1-row32-col03,loyolamarymount-2sht1-2rw32-2cl03
pacific,Pacific Tigers,Pacific Tigers,Pacific,D1,1,32,4,2,1,D1,West Coast,None,wc,0,TRUE,TRUE,TRUE,pacific,#f/pacific,None,60,60,pacific,pacific-sheet1-row32-col04,pacific-2sht1-2rw32-2cl04
pepperdine,Pepperdine Waves,Pepperdine Waves,Pepperdine,D1,1,32,5,2,1,D1,West Coast,None,wc,0,TRUE,TRUE,TRUE,pepperdine,#f/pepperdine,None,60,60,pepperdine,pepperdine-sheet1-row32-col05,pepperdine-2sht1-2rw32-2cl05
portland,Portland Pilots,Portland Pilots,Portland,D1,1,32,6,2,1,D1,West Coast,None,wc,0,TRUE,TRUE,TRUE,portland,#f/portland,None,60,60,portland,portland-sheet1-row32-col06,portland-2sht1-2rw32-2cl06
stmarys,St. Mary's Gaels,St. Mary's Gaels,St. Mary's,D1,1,32,7,2,1,D1,West Coast,None,wc,0,TRUE,TRUE,TRUE,stmarys,#f/stmarys,None,60,60,stmarys,stmarys-sheet1-row32-col07,stmarys-2sht1-2rw32-2cl07
sandiego,San Diego Toreros,San Diego Toreros,San Diego,D1,1,32,8,2,1,D1,West Coast,None,wc,0,TRUE,TRUE,TRUE,sandiego,#f/sandiego,None,60,60,sandiego,sandiego-sheet1-row32-col08,sandiego-2sht1-2rw32-2cl08
sanfrancisco,San Francisco Dons,San Francisco Dons,San Francisco,D1,1,32,9,2,1,D1,West Coast,None,wc,0,TRUE,TRUE,TRUE,sanfrancisco,#f/sanfrancisco,None,60,60,sanfrancisco,sanfrancisco-sheet1-row32-col09,sanfrancisco-2sht1-2rw32-2cl09
santaclara,Santa Clara Broncos,Santa Clara Broncos,Santa Clara,D1,1,32,10,2,1,D1,West Coast,None,wc,0,TRUE,TRUE,TRUE,santaclara,#f/santaclara,None,60,60,santaclara,santaclara-sheet1-row32-col10,santaclara-2sht1-2rw32-2cl10
csub,Cal State Bakersfield Roadrunners,Cal State Bakersfield Roadrunners,Cal State Bakersfield,D1,1,33,1,2,1,D1,WAC,None,WAC,0,TRUE,TRUE,TRUE,csub,#f/csub,None,60,60,csub,csub-sheet1-row33-col01,csub-2sht1-2rw33-2cl01
chicagostate,Chicago State Cougars,Chicago State Cougars,Chicago State,D1,1,33,2,2,1,D1,WAC,None,WAC,0,TRUE,TRUE,TRUE,chicagostate,#f/chicagostate,None,60,60,chicagostate,chicagostate-sheet1-row33-col02,chicagostate-2sht1-2rw33-2cl02
grandcanyon,Grand Canyon Antelopes,Grand Canyon Antelopes,Grand Canyon,D1,1,33,3,2,1,D1,WAC,None,WAC,0,TRUE,TRUE,TRUE,grandcanyon,#f/grandcanyon,None,60,60,grandcanyon,grandcanyon-sheet1-row33-col03,grandcanyon-2sht1-2rw33-2cl03
umkc,UMKC Kangaroos,UMKC Kangaroos,UMKC,D1,1,33,4,2,1,D1,WAC,None,WAC,0,TRUE,TRUE,TRUE,umkc,#f/umkc,None,60,60,umkc,umkc-sheet1-row33-col04,umkc-2sht1-2rw33-2cl04
newmexicostate,New Mexico State Aggies,New Mexico State Aggies,New Mexico State,D1,1,33,5,2,1,D1,WAC,None,WAC,0,TRUE,TRUE,TRUE,newmexicostate,#f/newmexicostate,None,60,60,newmexicostate,newmexicostate-sheet1-row33-col05,newmexicostate-2sht1-2rw33-2cl05
seattle,Seattle Redhawks,Seattle Redhawks,Seattle,D1,1,33,6,2,1,D1,WAC,None,WAC,0,TRUE,TRUE,TRUE,seattle,#f/seattle,None,60,60,seattle,seattle-sheet1-row33-col06,seattle-2sht1-2rw33-2cl06
utahvalley,Utah Valley Wolverines,Utah Valley Wolverines,Utah Valley,D1,1,33,7,2,1,D1,WAC,None,WAC,0,TRUE,TRUE,TRUE,utahvalley,#f/utahvalley,None,60,60,utahvalley,utahvalley-sheet1-row33-col07,utahvalley-2sht1-2rw33-2cl07
texasriograndevalley,Texas-Rio Grande Valley Vaqueros,Texas-Rio Grande Valley Vaqueros,Texas-Rio Grande Valley,D1,1,33,8,2,1,D1,WAC,None,WAC,0,TRUE,TRUE,TRUE,texasriograndevalley,#f/texasriograndevalley,None,60,60,texasriograndevalley,texasriograndevalley-sheet1-row33-col08,texasriograndevalley-2sht1-2rw33-2cl08
ncaa,NCAA,NCAA,NCAA,D1,1,34,1,2,1,Logos,Conferences,None,conf,0,TRUE,FALSE,TRUE,ncaa,#l/ncaa,None,60,60,ncaa,ncaa-sheet1-row34-col01,ncaa-2sht1-2rw34-2cl01
americaeast,America East,America East,America East,D1,1,34,2,2,1,Logos,Conferences,None,conf,0,TRUE,FALSE,TRUE,americaeast,#l/americaeast,None,60,60,americaeast,americaeast-sheet1-row34-col02,americaeast-2sht1-2rw34-2cl02
aac,American,American,American,D1,1,34,3,2,1,Logos,Conferences,None,conf,0,TRUE,FALSE,TRUE,aac,#l/aac,None,60,60,aac,aac-sheet1-row34-col03,aac-2sht1-2rw34-2cl03
acc,ACC,ACC,ACC,D1,1,34,4,2,1,Logos,Conferences,None,conf,0,TRUE,FALSE,TRUE,acc,#l/acc,None,60,60,acc,acc-sheet1-row34-col04,acc-2sht1-2rw34-2cl04
asun,Atlantic Sun,Atlantic Sun,Atlantic Sun,D1,1,34,5,2,1,Logos,Conferences,None,conf,0,TRUE,FALSE,TRUE,asun,#l/asun,None,60,60,asun,asun-sheet1-row34-col05,asun-2sht1-2rw34-2cl05
atlantic10,A-10,A-10,A-10,D1,1,34,6,2,1,Logos,Conferences,None,conf,0,TRUE,FALSE,TRUE,atlantic10,#l/atlantic10,None,60,60,atlantic10,atlantic10-sheet1-row34-col06,atlantic10-2sht1-2rw34-2cl06
bigeast,Big East,Big East,Big East,D1,1,34,7,2,1,Logos,Conferences,None,conf,0,TRUE,FALSE,TRUE,bigeast,#l/bigeast,None,60,60,bigeast,bigeast-sheet1-row34-col07,bigeast-2sht1-2rw34-2cl07
bigsky,Big Sky,Big Sky,Big Sky,D1,1,34,8,2,1,Logos,Conferences,None,conf,0,TRUE,FALSE,TRUE,bigsky,#l/bigsky,None,60,60,bigsky,bigsky-sheet1-row34-col08,bigsky-2sht1-2rw34-2cl08
bigsouth,Big South,Big South,Big South,D1,1,34,9,2,1,Logos,Conferences,None,conf,0,TRUE,FALSE,TRUE,bigsouth,#l/bigsouth,None,60,60,bigsouth,bigsouth-sheet1-row34-col09,bigsouth-2sht1-2rw34-2cl09
bigten,Big Ten,Big Ten,Big Ten,D1,1,34,10,2,1,Logos,Conferences,None,conf,0,TRUE,FALSE,TRUE,bigten,#l/bigten,None,60,60,bigten,bigten-sheet1-row34-col10,bigten-2sht1-2rw34-2cl10
big12,Big 12,Big 12,Big 12,D1,1,34,11,2,1,Logos,Conferences,None,conf,0,TRUE,FALSE,TRUE,big12,#l/big12,None,60,60,big12,big12-sheet1-row34-col11,big12-2sht1-2rw34-2cl11
bigwest,Big West,Big West,Big West,D1,1,34,12,2,1,Logos,Conferences,None,conf,0,TRUE,FALSE,TRUE,bigwest,#l/bigwest,None,60,60,bigwest,bigwest-sheet1-row34-col12,bigwest-2sht1-2rw34-2cl12
caa,CAA,CAA,CAA,D1,1,34,13,2,1,Logos,Conferences,None,conf,0,TRUE,FALSE,TRUE,caa,#l/caa,None,60,60,caa,caa-sheet1-row34-col13,caa-2sht1-2rw34-2cl13
cusa,Conference USA,Conference USA,C-USA,D1,1,34,14,2,1,Logos,Conferences,None,conf,0,TRUE,FALSE,TRUE,cusa,#l/cusa,None,60,60,cusa,cusa-sheet1-row34-col14,cusa-2sht1-2rw34-2cl14
horizon,Horizon League,Horizon League,Horizon,D1,1,34,15,2,1,Logos,Conferences,None,conf,0,TRUE,FALSE,TRUE,horizon,#l/horizon,None,60,60,horizon,horizon-sheet1-row34-col15,horizon-2sht1-2rw34-2cl15
ivy,Ivy League,Ivy League,Ivy League,D1,1,34,16,2,1,Logos,Conferences,None,conf,0,TRUE,FALSE,TRUE,ivy,#l/ivy,None,60,60,ivy,ivy-sheet1-row34-col16,ivy-2sht1-2rw34-2cl16
maac,MAAC,MAAC,MAAC,D1,1,34,17,2,1,Logos,Conferences,None,conf,0,TRUE,FALSE,TRUE,maac,#l/maac,None,60,60,maac,maac-sheet1-row34-col17,maac-2sht1-2rw34-2cl17
mac,MAC,MAC,MAC,D1,1,35,1,2,1,Logos,Conferences2,None,conf2,0,TRUE,FALSE,TRUE,mac,#l/mac,None,60,60,mac,mac-sheet1-row35-col01,mac-2sht1-2rw35-2cl01
meac,MEAC,MEAC,MEAC,D1,1,35,2,2,1,Logos,Conferences2,None,conf2,0,TRUE,FALSE,TRUE,meac,#l/meac,None,60,60,meac,meac-sheet1-row35-col02,meac-2sht1-2rw35-2cl02
mvc,Missouri Valley,Missouri Valley,Missouri Valley,D1,1,35,3,2,1,Logos,Conferences2,None,conf2,0,TRUE,FALSE,TRUE,mvc,#l/mvc,None,60,60,mvc,mvc-sheet1-row35-col03,mvc-2sht1-2rw35-2cl03
mwc,Mountain West,Mountain West,Mountain West,D1,1,35,4,2,1,Logos,Conferences2,None,conf2,0,TRUE,FALSE,TRUE,mwc,#l/mwc,None,60,60,mwc,mwc-sheet1-row35-col04,mwc-2sht1-2rw35-2cl04
nec,Northeast,Northeast,Northeast,D1,1,35,5,2,1,Logos,Conferences2,None,conf2,0,TRUE,FALSE,TRUE,northeast,#l/northeast,None,60,60,northeast,nec-sheet1-row35-col05,nec-2sht1-2rw35-2cl05
ovc,Ohio Valley,Ohio Valley,Ohio Valley,D1,1,35,6,2,1,Logos,Conferences2,None,conf2,0,TRUE,FALSE,TRUE,ovc,#l/ovc,None,60,60,ovc,ovc-sheet1-row35-col06,ovc-2sht1-2rw35-2cl06
pac12,Pac-12,Pac-12,Pac-12,D1,1,35,7,2,1,Logos,Conferences2,None,conf2,0,TRUE,FALSE,TRUE,pac12,#l/pac12,None,60,60,pac12,pac12-sheet1-row35-col07,pac12-2sht1-2rw35-2cl07
patriot,Patriot,Patriot,Patriot,D1,1,35,8,2,1,Logos,Conferences2,None,conf2,0,TRUE,FALSE,TRUE,patriot,#l/patriot,None,60,60,patriot,patriot-sheet1-row35-col08,patriot-2sht1-2rw35-2cl08
sec,SEC,SEC,SEC,D1,1,35,9,2,1,Logos,Conferences2,None,conf2,0,TRUE,FALSE,TRUE,sec,#l/sec,None,60,60,sec,sec-sheet1-row35-col09,sec-2sht1-2rw35-2cl09
socon,Southern,Southern,Southern,D1,1,35,10,2,1,Logos,Conferences2,None,conf2,0,TRUE,FALSE,TRUE,socon,#l/socon,None,60,60,socon,socon-sheet1-row35-col10,socon-2sht1-2rw35-2cl10
southland,Southland,Southland,Southland,D1,1,35,11,2,1,Logos,Conferences2,None,conf2,0,TRUE,FALSE,TRUE,southland,#l/southland,None,60,60,southland,southland-sheet1-row35-col11,southland-2sht1-2rw35-2cl11
swac,SWAC,SWAC,SWAC,D1,1,35,12,2,1,Logos,Conferences2,None,conf2,0,TRUE,FALSE,TRUE,swac,#l/swac,None,60,60,swac,swac-sheet1-row35-col12,swac-2sht1-2rw35-2cl12
summit,The Summit,The Summit,The Summit,D1,1,35,13,2,1,Logos,Conferences2,None,conf2,0,TRUE,FALSE,TRUE,summit,#l/summit,None,60,60,summit,summit-sheet1-row35-col13,summit-2sht1-2rw35-2cl13
sunbelt,Sun Belt,Sun Belt,Sun Belt,D1,1,35,14,2,1,Logos,Conferences2,None,conf2,0,TRUE,FALSE,TRUE,sunbelt,#l/sunbelt,None,60,60,sunbelt,sunbelt-sheet1-row35-col14,sunbelt-2sht1-2rw35-2cl14
wcc,West Coast,West Coast,West Coast,D1,1,35,15,2,1,Logos,Conferences2,None,conf2,0,TRUE,FALSE,TRUE,wcc,#l/wcc,None,60,60,wcc,wcc-sheet1-row35-col15,wcc-2sht1-2rw35-2cl15
wac,WAC,WAC,WAC,D1,1,35,16,2,1,Logos,Conferences2,None,conf2,0,TRUE,FALSE,TRUE,wac,#l/wac,None,60,60,wac,wac-sheet1-row35-col16,wac-2sht1-2rw35-2cl16
abc,ABC,ABC,ABC,D1,1,36,1,2,1,Logos,Media,None,media,0,TRUE,FALSE,TRUE,abc,#l/abc,None,60,60,abc,abc-sheet1-row36-col01,abc-2sht1-2rw36-2cl01
accn,ACC Network,ACC Network,ACCN,D1,1,36,2,2,1,Logos,Media,None,media,0,TRUE,FALSE,TRUE,accn,#l/accn,None,60,60,accn,accn-sheet1-row36-col02,accn-2sht1-2rw36-2cl02
btn,Big Ten Network,Big Ten Network,BTN,D1,1,36,3,2,1,Logos,Media,None,media,0,TRUE,FALSE,TRUE,btn,#l/btn,None,60,60,btn,btn-sheet1-row36-col03,btn-2sht1-2rw36-2cl03
cbs,CBS,CBS,CBS,D1,1,36,4,2,1,Logos,Media,None,media,0,TRUE,FALSE,TRUE,cbs,#l/cbs,None,60,60,cbs,cbs-sheet1-row36-col04,cbs-2sht1-2rw36-2cl04
cbssn,CBS Sports Network,CBS Sports Network,CBSSN,D1,1,36,5,2,1,Logos,Media,None,media,0,TRUE,FALSE,TRUE,cbssn,#l/cbssn,None,60,60,cbssn,cbssn-sheet1-row36-col05,cbssn-2sht1-2rw36-2cl05
espn,ESPN,ESPN,ESPN,D1,1,36,6,2,1,Logos,Media,None,media,0,TRUE,FALSE,TRUE,espn,#l/espn,None,60,60,espn,espn-sheet1-row36-col06,espn-2sht1-2rw36-2cl06
espn2,ESPN2,ESPN2,ESPN2,D1,1,36,7,2,1,Logos,Media,None,media,0,TRUE,FALSE,TRUE,espn2,#l/espn2,None,60,60,espn2,espn2-sheet1-row36-col07,espn2-2sht1-2rw36-2cl07
espnu,ESPNU,ESPNU,ESPNU,D1,1,36,8,2,1,Logos,Media,None,media,0,TRUE,FALSE,TRUE,espnu,#l/espnu,None,60,60,espnu,espnu-sheet1-row36-col08,espnu-2sht1-2rw36-2cl08
fox,FOX,FOX,FOX,D1,1,36,9,2,1,Logos,Media,None,media,0,TRUE,FALSE,TRUE,fox,#l/fox,None,60,60,fox,fox-sheet1-row36-col09,fox-2sht1-2rw36-2cl09
fs1,Fox Sports 1,Fox Sports 1,FS1,D1,1,36,10,2,1,Logos,Media,None,media,0,TRUE,FALSE,TRUE,fs1,#l/fs1,None,60,60,fs1,fs1-sheet1-row36-col10,fs1-2sht1-2rw36-2cl10
fsn,Fox Sports Network,Fox Sports Network,FSN,D1,1,36,11,2,1,Logos,Media,None,media,0,TRUE,FALSE,TRUE,fsn,#l/fsn,None,60,60,fsn,fsn-sheet1-row36-col11,fsn-2sht1-2rw36-2cl11
lhn,Longhorn Network,Longhorn Network,Longhorn Network,D1,1,36,12,2,1,Logos,Media,None,media,0,TRUE,FALSE,TRUE,lhn,#l/lhn,None,60,60,lhn,lhn-sheet1-row36-col12,lhn-2sht1-2rw36-2cl12
nbc,NBC,NBC,NBC,D1,1,36,13,2,1,Logos,Media,None,media,0,TRUE,FALSE,TRUE,nbc,#l/nbc,None,60,60,nbc,nbc-sheet1-row36-col13,nbc-2sht1-2rw36-2cl13
nbcsn,NBC Sports Network,NBC Sports Network,NBCSN,D1,1,36,14,2,1,Logos,Media,None,media,0,TRUE,FALSE,TRUE,nbcsn,#l/nbcsn,None,60,60,nbcsn,nbcsn-sheet1-row36-col14,nbcsn-2sht1-2rw36-2cl14
p12n,Pac-12 Network,Pac-12 Network,Pac-12 Network,D1,1,36,15,2,1,Logos,Media,None,media,0,TRUE,FALSE,TRUE,p12n,#l/p12n,None,60,60,p12n,p12n-sheet1-row36-col15,p12n-2sht1-2rw36-2cl15
secn,SEC Network,SEC Network,SECN,D1,1,36,16,2,1,Logos,Media,None,media,0,TRUE,FALSE,TRUE,secn,#l/secn,None,60,60,secn,secn-sheet1-row36-col16,secn-2sht1-2rw36-2cl16
ap,AP,AP,AP,D1,1,37,1,2,1,Logos,Other Media,None,omedia,0,TRUE,FALSE,TRUE,ap,#l/ap,None,60,60,ap,ap-sheet1-row37-col01,ap-2sht1-2rw37-2cl01
byutv,BYUtv,BYUtv,BYUtv,D1,1,37,2,2,1,Logos,Other Media,None,omedia,0,TRUE,FALSE,TRUE,byutv,#l/byutv,None,60,60,byutv,byutv-sheet1-row37-col02,byutv-2sht1-2rw37-2cl02
espnclassic,ESPN Classic,ESPN Classic,ESPN Classic,D1,1,37,3,2,1,Logos,Other Media,None,omedia,0,TRUE,FALSE,TRUE,espnclassic,#l/espnclassic,None,60,60,espnclassic,espnclassic-sheet1-row37-col03,espnclassic-2sht1-2rw37-2cl03
espng,ESPN College Extra,ESPN College Extra,ESPN College Extra,D1,1,37,4,2,1,Logos,Other Media,None,omedia,0,TRUE,FALSE,TRUE,espng,#l/espng,None,60,60,espng,espng-sheet1-row37-col04,espng-2sht1-2rw37-2cl04
espn3,ESPN3,ESPN3,ESPN3,D1,1,37,5,2,1,Logos,Other Media,None,omedia,0,TRUE,FALSE,TRUE,espn3,#l/espn3,None,60,60,espn3,espn3-sheet1-row37-col05,espn3-2sht1-2rw37-2cl05
espnews,ESPNews,ESPNews,ESPNews,D1,1,37,6,2,1,Logos,Other Media,None,omedia,0,TRUE,FALSE,TRUE,espnews,#l/espnews,None,60,60,espnews,espnews-sheet1-row37-col06,espnews-2sht1-2rw37-2cl06
si,Sports Illustrated,Sports Illustrated,SI,D1,1,37,7,2,1,Logos,Other Media,None,omedia,0,TRUE,FALSE,TRUE,si,#l/si,None,60,60,si,si-sheet1-row37-col07,si-2sht1-2rw37-2cl07
wespn,Watch ESPN,Watch ESPN,Watch ESPN,D1,1,37,8,2,1,Logos,Other Media,None,omedia,0,TRUE,FALSE,TRUE,wespn,#l/wespn,None,60,60,wespn,wespn-sheet1-row37-col08,wespn-2sht1-2rw37-2cl08
yahoo,Yahoo Sports,Yahoo Sports,Yahoo Sports,D1,1,37,9,2,1,Logos,Other Media,None,omedia,0,TRUE,FALSE,TRUE,yahoo,#l/yahoo,None,60,60,yahoo,yahoo-sheet1-row37-col09,yahoo-2sht1-2rw37-2cl09
2016finalfour,2016 Final Four,2016 Final Four,2016 Final Four,D1,1,37,10,2,1,Logos,Other Media,None,omedia,0,TRUE,FALSE,TRUE,2016finalfour,#l/2016finalfour,None,60,60,2016finalfour,2016finalfour-sheet1-row37-col10,2016finalfour-2sht1-2rw37-2cl10
marchmadness,March Madness,March Madness,March Madness,D1,1,37,11,2,1,Logos,Other Media,None,omedia,0,TRUE,FALSE,TRUE,marchmadness,#l/marchmadness,None,60,60,marchmadness,marchmadness-sheet1-row37-col11,marchmadness-2sht1-2rw37-2cl11
collegegameday,College Gameday,College Gameday,College Gameday,D1,1,37,12,2,1,Logos,Other Media,None,omedia,0,TRUE,FALSE,TRUE,collegegameday,#l/collegegameday,None,60,60,collegegameday,collegegameday-sheet1-row37-col12,collegegameday-2sht1-2rw37-2cl12
